7a3c5fd3195adb308ee709aa0177daa1.png	1903-12-16
36a1bc183dd3798833b28b4f3976e45b.png	1918-12-19
809d6c063cd1689cbe19541183f45097.png	1900-11-06
e9f62bc711bdfb04c2a944d2f73d6335.png	1887-10-18
b4b2fed55fe3234085d5f3849688ea66.png	1900-11-22
d63d8eee3ff2d664436b49e8f46f8c90.png	1914-02-06
193f0ebb926eb68c34d38e481520f8f7.png	1913-08-12
9cba140c4e5ee10ba30aecf3a0e3f51b.png	1911-01-21
a13ba1da837cf715c40543d21a28b7a4.png	1920-05-24
0b9b1986f708bcd161a5a64e7d7b1965.png	1884-11-25
e4c59a549ffefcc22d389cd5e708fe41.png	1914-08-09
3fae0b7cb03610217eb22a709e92c464.png	1921-02-07
3ccf59e85f4b4a2d3332010512fbc67e.png	1910-01-12
c729343202775c6d9905c36ee6475534.png	1898-08-04
6da0fb97f00f6453940db9698ccaaa0f.png	1903-04-16
16ebb778376520a52e3446d0d000e5a2.png	1911-11-30
f203f905ae6106907392d325c623b9cd.png	1898-02-25
ef5a34b9eeff3e3cedc50d37859c8cd5.png	1908-07-25
2f5ee6c3c71782002b07d35a1ca390a1.png	1922-09-14
7fa3dfda150da821c4b82a70c00b33e5.png	1904-08-27
06d682862976d80031afd5757f294228.png	1895-04-04
4a03c1ea0ba17c3aeb955897d9874328.png	1913-10-08
bebc89ae92923f1a00cff85a909271ef.png	1899-12-20
7a63941f24763a08b585391765727005.png	1885-01-29
251eb97a14d889fd8b0ad679d16c14eb.png	1897-11-08
f7bd1d5aadaf00c41e259f550d006704.png	1901-06-13
77ddb143557645241caaa6ff5209d08c.png	1902-06-03
45e755a0ce61fcf306a6e7eab4ec9f18.png	1899-01-06
9a4d370aaebd70fd3e0c9a9344fb1a2d.png	1897-10-18
ab182d36d8d5fbc2bf7488701aed85d6.png	1895-05-09
5a0790723f6a4063aa2ce17e59163aa9.png	1902-07-31
5ff697a4c6cd090266d8e74ab717eeaa.png	1912-06-20
0560f879aa5cc8b8f1291ab69a6a71c5.png	1909-05-05
b3e40e51b6461f7da35372725ee38541.png	1897-08-05
3908b2c79fe3431fd1a890f255b72fee.png	1889-11-13
f1048a02412c599d5c64300dfa52ec04.png	1892-09-10
97621c0d21d40444aed42674aa8ff4b7.png	1903-05-04
5cf8f8b298bc4a97024bfeb83288ae1f.png	1917-08-03
f6e9039ce7a88f96f711b4ebb61abf3b.png	1917-11-01
fe5162af02d46aec90e711a6edf7f136.png	1887-10-15
5eb166b62484bd62e34504c9362e2a0c.png	1898-06-22
09fc36e2bc09ac74d21670746dbee3ab.png	1912-07-05
3c2c15218cb342597caa43db92c86f49.png	1911-05-04
d318ba9fa778a42c9161969ff91dd412.png	1910-05-23
2bc7fe1f516f39a636db025186affad1.png	1908-05-27
a973e350b7bcb70f6d587d3d1a486dfe.png	1884-12-01
6d3215df014ce06aeb42e5fbdc05f4c3.png	1896-12-03
f81a1d2485373cf8f0fb72e6e0b2e9e6.png	1882-12-09
fdb777a2837d3e3bbe88e7e0c608e310.png	1920-06-16
94eea7a9bae1d70c3fc87498e6168487.png	1918-04-26
520c024ec2d9dfacc0662ddf5685c76f.png	1917-02-28
3385c248c58136b6f1217763e2f5455c.png	1896-05-18
490e5e8a298a8754f4722c2e7ede84c0.png	1897-10-24
9a01d9d1e59cb8da30ec5f7ad113a9b8.png	1908-07-14
343e58751a0d8312b69300ececefafc8.png	1899-07-28
d0c350900009345d136cbb7f0838fec0.png	1908-08-28
948c2b0a348d5daa836201e1a381eb54.png	1910-07-06
c6e157875601114179b25e5a869c8336.png	1908-09-18
dc6dfd576970a9e0625ed04ecba80f52.png	1897-01-19
5f4248388ce3703a67d3955fe8ddbe43.png	1920-08-06
6c11739322376ed4ec90f33d44a0d3d2.png	1911-02-21
bd09dd5330b206497ecad8fe4314d15e.png	1865-05-05
8f6ab62d8576743c07b4de11c69e4b91.png	1911-06-23
8766b9e3808ffb432579abe17a20e093.png	1909-01-14
a502d411cef3aa61c1d7e6154a3c74ee.png	1922-04-23
0224bee1a1dac8c590889e3d7e9dff4f.png	1896-06-26
f956ee58535e13b794b47be4181c6eaa.png	1913-05-14
3386803e36186a44ff264bc39145b5b8.png	1920-12-04
2b5ae3b693e8311b8316ed3c2db41b71.png	1904-02-17
c956b0d965cf3b2e01805bc30dfce62f.png	1853-02-05
fa9afb31cc7fe72bf9adbbea6bdeecbe.png	1902-06-13
9c5db3a037fff5776e7d9e12c1318a0f.png	1908-05-06
5cfe5174dc8e3661dd7c44c485758f76.png	1901-09-21
16e9c8c8b127875eeb46f8872d92bef6.png	1921-01-22
505f02ab5b045426720b4961edaed238.png	1905-11-11
97a159478525fe5f24bb76003a97d2d8.png	1885-08-09
c910d8bc212a70dfdaf8c4e154a67f39.png	1895-11-23
562002634291df9bc03c9aed65756388.png	1902-11-01
5c521c1f3b0ec57a0de20ba62d82b4de.png	1888-08-02
a1b8b57243052bbe75382d213c3b0aba.png	1895-10-12
81381d08252fa3373bde869757147d4c.png	1917-02-22
8b048cd1d7500a8290cec3fb4bb0ab3b.png	1911-01-12
41d7d5b68c7d4c8c385a262f1aaaa76d.png	1912-06-13
b0fc7431e57c518317973a26c35212e4.png	1908-11-19
22df21c82d2c3e2bc2a7c72541151f1b.png	1919-05-21
cc3e054ffab9d763071322aaeccec15a.png	1909-11-26
a906858cccd39c2e0887d9b90f637543.png	1879-07-05
fd8baa9bde481ef51fa976f8f02232ee.png	1884-04-28
6c05c538bb6d67ca5e796af0d2063acd.png	1900-03-24
18d24c5c514120c9259b4c18b1d331e1.png	1909-03-18
b0df8743a1a0bd6b10002aa562d3b378.png	1905-06-23
25b526ea769a399aed267be20fdb3cd7.png	1908-10-20
9f9fa792a69e5b53d557b28f061fd437.png	1917-02-02
28bb8ee24ff13942cbeeb6746bd0135b.png	1909-09-08
f00de88832ef7e5193f4c77e4eca64eb.png	1895-03-19
61661c41a64f9db44dc73feb5e6b0a3a.png	1922-04-18
019549ab815981759264faf8e60062e8.png	1905-03-06
ea042feb1a18008e2c8a10f60511589e.png	1901-02-06
2c6154c59131ab05f7031291b45c40c9.png	1910-10-13
bb3294fd9d12a6873ebe72f49b319f5b.png	1906-04-10
2997a60940adb055625efaa069c9d840.png	1922-11-01
d8c870bc7159e976be52fb85eb25ed83.png	1900-06-08
b4745249d6e473509cb4de626531d82f.png	1904-08-07
013e1ec2c6d527c789735b13511f1a42.png	1904-08-01
61afa103f1ddab161c7635309cbdc4cf.png	1909-03-25
228f93931f39a4586d70e96d10c5bcd2.png	1912-10-26
9564cb3a5f6b5d3cdb8d5109f91a3234.png	1914-07-21
2260561deded3a75b5483239237cc129.png	1917-03-28
e1d77dcc23e791d534f6dc17fcf13bad.png	1865-04-28
2370b5f2844e8f3eaa6f6c3c0dfc6dfa.png	1904-11-03
45f480d1a5cf6f25fe417bf7d11d4ffc.png	1919-03-18
915cc3f1ed1b48e4c0918f9d57e1d1fd.png	1905-08-09
70aed9eda0dec1557df4aca94cd944b8.png	1910-05-19
9d852a01392d8c7d2bfd9db153813a3c.png	1909-08-03
87b4b1bb59b8f3dde1cd8d7db0b73d84.png	1886-11-30
a783e32f0c2cb657631858fc67ece375.png	1908-05-29
3b87881945386518b2457aac0727d2a8.png	1901-10-11
a4f521d24234ea835a7788d52c4497c8.png	1919-05-31
d6a942ecb2550af2b2e6c43c59c3adf5.png	1912-03-19
a6f51c7ff22942d3b1d276f619c12527.png	1913-03-07
337869aa7c6618e3a54da9fe54883bd5.png	1898-05-19
30b9174640398bb48adb3cb33b612baf.png	1913-05-31
847aa19d0522ed66bcd607613733c428.png	1913-06-11
f10c633f4df9e39c96c6708af4919bc4.png	1898-06-02
26980b4ee096801a99caeaa058542b7c.png	1897-10-03
edd2f411119eaf3aed63cc6220975fa3.png	1909-02-14
efd57873d40ac22653e97a586c6a9786.png	1898-02-09
84a137e728405ab155b72e8f78d18168.png	1914-08-27
a81378b7884ee173f328d3b7d255e2f4.png	1897-10-07
0f00e27cf9e67a92314a0c72e2fc26f4.png	1917-09-26
1017af0a8cef80380717ae372f340cf6.png	1921-08-15
68037780f002da1b698089decdaed025.png	1913-03-28
04bb9b97732ac92d41708e8362fbf0ba.png	1900-04-19
e9f73b060a8d8df3894f560e90e85004.png	1901-05-15
1bc56045e708fabbb2a6d3fa5746208d.png	1890-09-25
c5d3d26f0c2eea0879af4de5d2f6fa9e.png	1861-01-30
d57bb3d4bfea5f92d780767efefe0e44.png	1910-06-17
28b24497cd437c476decd814a3a01ee2.png	1904-06-11
4db98cf9c14355ceceba47b20f53fa82.png	1897-01-21
90f4c85d7c890fb8912052ef634b71f1.png	1920-09-02
3c062173f161a262e078ac2409959804.png	1864-12-23
9008fbf75e402f4023e5a3b6d6d0b4fa.png	1922-03-13
3cf1c3096736e614f378786754fa0e61.png	1862-01-14
ac7a28ea981c0452869ca73c50386030.png	1882-10-19
0e7f2e223857ccf6b533dfaba42d7406.png	1899-04-07
81d15759b8b0780b20fcdc0014a80119.png	1914-04-17
5e1d98faaa4d523ce0b5713b23400b95.png	1911-09-08
9edf22b0155bc363074ededee0d1c75f.png	1918-02-07
a82643c325d77c40f39ba3f84d080923.png	1918-07-13
752e7de188b9951e97ede5c29e18ba04.png	1912-09-12
1b530d33bd2c0790a93c75c4f9b00d52.png	1895-03-14
3e38febc61b15edafc7ed551edeaa630.png	1896-12-11
19d66e17a846bfa9b4e01343e7500c3a.png	1890-10-17
8c538a98a0413af2371ddc7c90cbfc06.png	1903-07-17
90ec65805f9af4ddd4bc7ce098f9ad9f.png	1921-03-08
cebd20016761e39cddfba9a12302f22f.png	1883-06-04
712c79a819988831fb93dda77262a42e.png	1905-02-24
e42ff681454f167bb3c8289feb1ae629.png	1909-09-23
e34b991ef429fe9f060dc874a4e3e5e0.png	1919-05-09
a23e0763435e088a4405233a21db5c5c.png	1911-08-17
91a83e873e87828ab12ea5c2151e78f5.png	1911-08-21
5ee190c2d5a03ad0b1438e3c3802620d.png	1899-07-24
6575e81a859c2422cb6a9f1141c63d0f.png	1908-06-05
2c2f427ef25c0c26f7a78ab5cd58f059.png	1897-04-03
1e459578b5e7969b4dd43084e1ae3d48.png	1909-07-01
aca431fb617d3519a039fb3fc235e980.png	1889-08-08
77712f4089edeb144590b3a4e544983d.png	1898-06-21
0b739eeb588a698006cf6b2cd2449408.png	1902-07-04
a7c0d097de6ee660261386e629cc5cb7.png	1911-10-09
49f783e17119b3edd2e87df07e4514f7.png	1913-05-15
69e1475301d84c90c306356a9fe853d3.png	1906-05-03
e56c8cb3ef4a923af2625e95fe615a79.png	1921-12-02
5ee54cb9b652c2bf859fd14a12e89e32.png	1922-08-28
51709171a2a564beddc795bd42008ef6.png	1900-12-30
9f395c5268c4710ed12a5f889a46e120.png	1917-03-07
e7f760f5eea45beb71e2e6f977c61df6.png	1884-02-07
b39c5c2fffa97783b32230249ce85cff.png	1909-03-18
3df06dbb000051c9355647c1b882bd1d.png	1918-02-10
9c97b05111b38d8621c721d6281be0d6.png	1897-12-23
c60ab501a8350b0cdb553713ae0a490b.png	1904-03-12
42413353d7b174a256f4b97d40c1b218.png	1897-10-02
a2628812996e51cb87e6c84acb725fd5.png	1899-09-09
ce4aac5e4b37e395745dee2c9a368f19.png	1893-03-25
b689fcd70f58c3f5d3e1fd59c4a9e420.png	1904-07-19
7fb13205fd21fc4eeeaf978d47b7ed59.png	1864-03-01
642fd660b96eb64d0cfd2a76868fe3f9.png	1904-06-19
61ada79d7fbc7c1b57b3b729c4fcbc5d.png	1920-08-26
26f1011111d1c36a0123d493ff7d958b.png	1854-12-01
40d3d78a1c97e3ca888521e9c6d2ea38.png	1914-10-01
6b0ab79b8ee5dc6f98e8a1b693a467eb.png	1909-05-21
05742bcc87190fb7adfda8023f4949e0.png	1907-08-21
58be308482bce5be4c3e8c1c3ddd1c83.png	1917-03-31
c4463e04c263cd20a365ea6db01087ae.png	1884-11-27
ac514e69607d55790ecc3dacd87532aa.png	1903-06-24
be92ff8667a8d9f294e40edd28d3b03e.png	1921-07-27
626ccd61d4373ff505d8bec4d935bc10.png	1908-02-21
b19c4303d6d4ee520ecb0176aed2a6c5.png	1919-07-21
af14e06bb18e42dc0186e625410c027c.png	1904-09-01
597a7f1c33f285eec25bb82a9ad20022.png	1909-08-10
336f0ad46f393525a0d2c7a9844c251b.png	1901-09-26
1bf4e280029059d75a4398a6229495cf.png	1914-04-06
ac638d42b4f06e40b55d1378e8fdb970.png	1904-08-17
ae42f9d860139652d5340981589f34e6.png	1889-12-02
44931f08f1020532375cd707add26c83.png	1886-09-30
5ea9f52c5025cce1e7b1513125f7f0ed.png	1887-04-06
da0347aaaba4dacc2b7945bf2cd8cbc5.png	1886-01-20
52163acaa8333e08635e417233b33bee.png	1885-10-16
3baa4969482e27367d6a83443d6dae94.png	1909-07-22
75ebf78f4d715a10ea63da9c7a6511f8.png	1909-10-02
7cdc16c87eef8afe16dc08742712c5b9.png	1898-06-20
bf48e1691e25f41d02afa71179ef88e0.png	1904-08-01
e9ebbb31ff1a2facac46db1f464a84f0.png	1899-02-10
3831f60bfd07e7cef3e7e306eec4598f.png	1899-09-12
282090d653cb34afa4b294e9e391a194.png	1917-02-03
cdf26e93e1097d9a9393a1e88251ccfb.png	1918-02-11
3975d3e198c2ddae212d505fefd6e347.png	1895-01-07
f3d65ecf3a20a8095efdab1ec8151f18.png	1913-07-08
60d67602fbe18ce241ea85ada9325237.png	1904-07-28
7faac50b8c0f64d6d6e014546a9312cf.png	1921-10-08
c5d551abd7126028244c85557f2978e1.png	1900-04-13
9a33a7648de4898724a19605fc6979ba.png	1908-06-18
d135fa76eec6f07fd20cd948a8271ae7.png	1897-12-11
2ed844dfa17b461fc9568cf1cebe55f3.png	1908-02-04
b533434f5e16ded18264c77e58dbf70b.png	1917-06-05
1faf37eccbc8a70288fef3479f2bbf3b.png	1904-04-21
4769330863e1f521d82bb100ffd44fcd.png	1920-05-20
241c19c585ce13ab400e87d0e984daf6.png	1909-09-24
1a89ffc23e75b230ebd7aa9ed1aa8ec7.png	1887-10-23
16ff9085beaa38da311c94f51b36bd11.png	1884-10-23
ae9dcd0b1ba324c5aeeb4b9e1e4ab400.png	1917-02-22
a720f32235ff5b55a949e2f0b42e82a6.png	1911-10-06
d17ab38f2133b2e6bf8aabe19d841d38.png	1901-02-26
ef6962a579323395e50aac58b5a9229f.png	1912-09-02
6a7cd3578f32a719ab2ccda66abdeb01.png	1911-08-31
a346c6393c26787f744b145c3acddd2e.png	1900-09-05
7c3156537dadd443ca3272d4194467c4.png	1910-10-12
d44d36d8578408ff3f8e67158f753950.png	1892-10-13
2f6b2d0bccea68cff417e621ab080eaf.png	1899-06-01
52b633f3e7abb696107ffa66cdd490d1.png	1918-05-20
0a443d8705aff4f65709f0f175acfab6.png	1898-04-07
b4e104b22b0c064321b4cd6ade1fbf72.png	1913-05-17
27fd3ceab8cc80d67f6c9b1786998ebe.png	1922-06-25
f75e34aec62a06a025ff9b1532b844ee.png	1912-07-19
a21c4925e90d424f2c09a7554da882bf.png	1904-11-16
49e4d0e6a6bcc26a17bcd109942fa795.png	1892-06-26
0aee6ad8a3bc822eae49a909f2b6e803.png	1915-11-26
37082f6c7e94faeaa14e45e11dfbad8d.png	1905-09-06
2a15f0cadd3d33534e7a53eaab88d339.png	1905-10-19
d3a90d6c896b2e626112bf9b799c9ae3.png	1921-10-29
aaa8ba5e0c53c69717852c9daa20b441.png	1899-05-22
6fd781bee2f8376eb785d7c5d32cd8a2.png	1894-12-31
7cc49e916e64566d5431a54d4f40d4d9.png	1875-03-26
958d639ba03414dfb00ce818cf3fffd1.png	1919-05-25
11cce0944be110872ac88f92129929d0.png	1905-02-23
2f1326d68ae185fadd5cf0a8e7b5e53f.png	1886-06-24
aa62da06929b8a54b33349a00e36585b.png	1898-07-26
abab2f0302588322701b33366091211a.png	1909-10-12
b33fa46c851ac1e2c0ce9f21c35678e5.png	1909-01-08
521f0460330e997238b85c2a7b7ed1f0.png	1912-09-13
61e02995acaa6eaba8be7f9604f762f5.png	1899-08-04
c486eda0ce37ddc9ff69d5595bb5b9c0.png	1912-03-14
dc00459b988554bec2291af76bffc71d.png	1887-04-26
c6ba398298bc88e056322101f419584d.png	1898-05-26
ff954519c504eb6a9059d239c661dda4.png	1919-11-13
50de1e96ccb7b39fa88872a90b01b4d5.png	1881-11-24
6cfa09636d07b42323272bb36b306f98.png	1914-06-06
e8a53adb1f7d6e807b9ca3ffd03c1ae4.png	1909-04-24
bc83cbdbd3824b2c793f45eac670b3ee.png	1917-03-27
0c71dc7dd1c4bf4a22915232d19a5d26.png	1921-06-20
eaa332f36789dd4ed635b8d08c4bf121.png	1882-11-02
ed14f17da527aab4d937b8bb160ad5a5.png	1897-01-08
61d7164709394fba256d144f1bda0837.png	1921-03-22
c6006c27236ff1e8a04d0681e69c12a3.png	1918-03-21
7644687f09fa48bd51e47086ca341d84.png	1906-02-09
eea7504b757a3278f45d64d057e90a9e.png	1904-10-01
01872a898443812550c5413b0158ea7d.png	1901-01-18
634d2bd0fb5ae2cba6fd4adbe4bf77af.png	1909-08-26
fc9b0b1eebecd1314754f6e3e0c9a5ad.png	1896-08-14
d1b3040371f00f3cee0942aafd1179e4.png	1906-11-15
cd3570b460a490f35a32fcb8b172ddbf.png	1909-11-19
204a003ec222be9729d1fd3ba260ab7e.png	1907-02-16
da917382ccf24da3e9cda3428fecada5.png	1911-08-14
9a483e6f63b32dbe646f67cd3cd7656f.png	1914-04-21
85d0b4995d83777226706c1d89f0166e.png	1906-11-09
e9ccc706efdbd130389b800f22a32764.png	1882-01-05
59c0c0a4504128ab4ab684998527b5ca.png	1918-12-18
69b44d0bf6c7ba7f7a18f39d840f932a.png	1917-03-16
f8f84f995bff42f5f53b2d7d2756d0a7.png	1915-11-02
ad5867fa24eef69bd0c563d3db9f05ee.png	1890-01-23
25fccf6e5d79385b1d1d91021aa58f0a.png	1888-09-29
e716a1ee35480866bf1553561c05613f.png	1901-05-19
d16b27fa2bec3f95cbc6c706761cdd41.png	1913-02-26
27a157203e64e580ee4e843942770acd.png	1907-02-21
cd1d8271d383845d6d3cf0617a833853.png	1916-01-20
05ecdda325a91cfd59f6f2320401101a.png	1913-06-26
ba450f1d3a5ca2d66aa30c1cc0a25d75.png	1908-09-08
08f84ef17732f7409e03b684c68dc4c2.png	1907-06-15
8b9238d7b5c3afeba2ac0db7ac42e32a.png	1887-09-12
50584987f97bcad5db5ed54ed1441bf3.png	1901-02-23
999f1bb2b377a3e106ba9c3b79c878b0.png	1908-05-31
4fae92b40dfa4ec30b187cabab7a2e6c.png	1893-11-11
7d37cacb51eda0fa45bd614c0664c5d5.png	1918-10-28
1237f794f4aa3df2523990e38e8fd56f.png	1886-03-06
877d48f65d4819c2a6a55a429cd744da.png	1898-09-22
d0206d4144d6347fcfdcd6a496d98ddb.png	1906-01-20
b3266fbc0c603e0597da294145a3b939.png	1885-12-31
2aa6cc10b02d4518989a260c940d3518.png	1895-02-08
187f49fed4f7b0628162c19a0e580ead.png	1887-03-16
03e284ddfa10bd39454e1f1e9c7ba824.png	1908-01-13
250cd6b9ec7fd1204c74fddf5f5d3aa1.png	1913-07-30
09065e43353273126c40866a814c9cb6.png	1904-06-23
16dddf9beab4f3de2ab3e87283c9f497.png	1909-04-12
de8684b6520307385d5a5870be670b4c.png	1890-09-16
91661c0754bb7dd24ab4bc6b7d957e66.png	1902-06-15
97dd435b94f091b70795390a44ea6959.png	1905-07-17
c8d60bafd56e0ab43b49f4570321bb98.png	1911-10-26
99feaf75630cef2acc90697aedb27941.png	1899-05-04
ad594f551763295f92b4315e12615e30.png	1920-06-19
f9e41c97bf03068e23f5fefa7e8d58f5.png	1887-03-01
25ac9d97ac6f1f25c67be4b25b9d0393.png	1921-05-04
6427a70913fe731f92ecdf9cbdaca003.png	1895-07-29
41ce7178a9daf2045586d649a2e98fe5.png	1908-03-17
6d67d9cfa7a402a90935faaf9660b557.png	1922-03-18
90b0e64aad288936e63b534f434dd0ae.png	1917-08-11
989979ecf42a18a2502602ad217c44c9.png	1918-06-14
6f175c77b52f1aee93442aaffe20e602.png	1910-05-14
8e0d97eca425bb4220e90427d8f9fa63.png	1902-11-22
926d19940da1697bbea6d5b67ab9b196.png	1918-03-01
1afa9c25383b76b8f5c5a830707705ae.png	1903-10-09
1322b508ef9cc91e2db385c9ca27bd90.png	1899-04-26
dbac4820fade01dbcffaf68fc2cbdda0.png	1897-12-27
cfcbbbbf6a6030a9d89f55fc5b077e00.png	1884-09-29
efc39eba46092660c562ba11cd492356.png	1914-12-08
7dce514f49e8788aac170cd5dd76046d.png	1900-02-17
39740482dd156c4a5db86565539d78cb.png	1898-07-21
dd51fd0fc00f0127860a32c1cb6c811f.png	1920-11-12
d3614ee2202b95aaed1e2558ebbcf620.png	1905-05-02
d7239bcb090821b7518252b2df0c44f1.png	1914-08-07
9c5747f4617bb9b22dc40557f914c7b8.png	1899-10-22
2a5ed1f503cb17ec9594883bc6b7e4c9.png	1883-06-09
3a088fe2ee6871f67c3f2683d7b3539b.png	1919-05-13
b40c97a1bf1283729f1b3bbfb9babdd0.png	1891-01-09
0ebdb73a3416903f9a7b161b86e94a05.png	1905-12-28
297d1c0684c447eeb74c0fb5273199c9.png	1906-04-27
d995cc6e9d1a9cee0d761303e60e2272.png	1918-05-29
de3ea1ae4e71fceeffafb8b6a02b39ee.png	1919-10-30
1d6f52c729271ce5cf92fced8ebc5166.png	1900-05-03
843e5897d13d2434572d48b6a31ea968.png	1865-01-07
ec37e099defb05cd823853f91c6c37f8.png	1886-09-08
41b21dee4242b695048d00ed47b769d5.png	1905-06-30
7f07b6438ef4c18bad60e9adbabeb5fb.png	1905-09-30
3aac01225d02d2000f2517616482b7d5.png	1863-07-10
3db1d95be1e0a5e36bce31e837aa7c2e.png	1900-04-07
aabaaef5c47526849bcdf5a082aaed2d.png	1905-11-18
402a1da9942d7aebc4f0f7189f5a2c09.png	1914-09-10
a724797437ef2e1edd5de1d6ead2e88c.png	1891-12-17
c15141374700a4476a4b9dad4a42131f.png	1911-01-23
0269adc064b8706efff2deef048a9ee5.png	1900-02-22
f7e347be4630d55092f755ad8be0c0cd.png	1905-12-19
79d12dc28b49a4e0910d8614aae3e48f.png	1897-03-29
715d3161cb718b32b5f7cfe258b6b2b0.png	1899-07-01
618bc4ec402bac080a2aa48e0ee51a6d.png	1886-11-19
b5e2f77c551435d5e395152bcca2b42e.png	1900-02-15
cd7a251d982a658f05be2d21a2b2367b.png	1898-09-15
e3b70b006049d379d603b4dd9c9ecf3b.png	1917-10-20
b1c9f6bcda7c38ed3f2fa51ae5ac78d5.png	1919-12-05
03269698ace4bff7fac129033e52a40f.png	1901-02-15
a6738be647cfc4c5eadea6193b1fb7dd.png	1914-10-22
4226601d9f23cc8f7b0f5f7e1b93cf6b.png	1909-06-30
59393591d7abc1d05925f362398decdc.png	1855-06-22
5c05b5db7333ea3e94f1a51ba312e9ac.png	1880-05-15
331a92c751dfb3cdf4687222f887fa06.png	1881-04-14
1845793731a75fda62c506832839b450.png	1897-07-09
9c9a3c3ad475a5619e095eba133bc59c.png	1912-09-19
1c64d11ed407a7dbd6e1602b7da53cba.png	1912-03-21
ee740776ed8a07af796e3e1d879d94ff.png	1887-11-26
da8329ca5afd73bd6771c3feb4bfebfe.png	1905-07-26
87a735de9ca09d7fb0f5fc4120de461e.png	1903-08-13
aa1bd3bacdcbc64aa0a4d687a6cb66be.png	1918-03-12
1f22fc7db9375898afacc184f07677c6.png	1905-08-12
6d050e6cb35d9297347a58506466b29b.png	1918-03-06
0bbccf0aa8d38c25e630f20a8228da73.png	1922-01-26
8653bd74b4147033838c46bad9a457bb.png	1905-04-10
b1a8e765cd29c34207908d54b8bfce87.png	1886-02-01
79ea2622a04f8e924a0aacd88a37857d.png	1913-06-06
a3aaac6b2643326861d2c0ce5b1291f9.png	1892-11-19
632d4ac34d0533e8d0575ddab8d969b0.png	1897-01-06
594b45fabde7160c6b17036663c9e237.png	1909-12-27
c5622ce71af0ef1642c60a6818342509.png	1906-04-26
7a831798a2d1079613afcc12fd9618f1.png	1901-03-08
e489fb5473568eaad4d3a4b3f521d379.png	1915-06-18
d31d2b3c6b24fc897d31048c906e6564.png	1911-07-04
214b33251f34295248268cc4aa3b4f73.png	1892-01-30
d6e1d312d0536d8c9d5cb9268b93697e.png	1886-05-15
5670198749fcc92acc453cb630a2cfa8.png	1909-01-14
d05152e0345e1dfb6bc70c9aebb3c49a.png	1922-06-17
688b41496c7b20695135696f8ac894cd.png	1911-08-05
c4c2c2002057b2349327af6465731d9c.png	1899-04-29
faa0d2b75d0387970c1aa71a18c18527.png	1897-10-14
13c8e35445aac1ae2e0a9bffe4f61502.png	1904-07-01
b602d20c79dcd4595e1a910b31cb68f4.png	1864-10-19
90edb21a091081b83e8b9324bf8646b9.png	1910-07-29
ea16831bdd77611fbc72babe2ed7d5ae.png	1909-06-25
72e3521a75449f80aee8febf4c36f8db.png	1900-08-24
3430ee0c7894d58da77d4352bc6f2cb6.png	1889-12-19
0073212566d947842afe0ce4f588ac0f.png	1910-07-14
fd96c081e84b7d2023b5ca7562a7eaec.png	1909-01-04
ca74004fdee65cc1ceb3d767044a1fdd.png	1909-05-20
0eebc9b18bf362bbfea4fc040f22f3ef.png	1913-03-07
293d76ddc2f16febce27ac2298050a23.png	1897-11-12
7bf23156f30549262539ac140912b92d.png	1899-06-09
a9ffbf89ad8b9ba1fb0fd3bb579d2fda.png	1902-11-15
f6e0f9f9bbe4e8ea15fec9b306ba7abe.png	1899-05-16
29e2eae53ced1306c7d9503788025348.png	1918-01-27
a63aadefc55d2a90170ca410e71f969a.png	1875-07-30
6cd1e91e73274382c59d1a475d1278c7.png	1909-07-30
6b94f979f70a0671f8bd7e749d220ab6.png	1913-08-22
e7a00d4ffb885bb44f70a3ff454b0054.png	1922-12-09
768ca7f41e14b34c3a0c8bceaa1ae36b.png	1900-06-13
936a37963964d59ff990a499b704468d.png	1900-04-10
bb4f37d78690196220faec6fcbc2f1ec.png	1897-09-14
1601b03e0a2265636c6d1d89b9eeb54f.png	1884-04-02
96dd29ff9e7b79ccf3a2aaccde8b6e36.png	1912-08-15
fb6482f32720618a9a6b1ef04da688dd.png	1912-12-04
bcd601ec836d75ff9c681b6af7f25df4.png	1921-05-05
11541685712318c933066da9e737f7c3.png	1914-08-05
35dcd7a0b8c2a7c51b23bbea78ddc7b9.png	1887-04-28
ef0254f9b73333989da631ce8c1a2a1b.png	1904-06-16
67acca57cd938a3cfa60b4a97bb24c90.png	1909-04-28
cabd52d34bd403f6b3216fe6a3f860b8.png	1911-12-30
4cd5403be8478cb4572909c270cfd725.png	1897-11-12
eeec54ba330b91f2aea77d2c52b1c70d.png	1916-03-31
175ef1b5af56d43553601222eb68fce0.png	1887-11-28
0c95390afa8e4eedaa2cd3612396aa28.png	1900-05-05
1d4550ab169c7b42bfd96325b4c2a3bd.png	1904-01-01
70c7d5c32c59d03a7b4532bda454bc11.png	1900-06-28
bedee5f1f3c3daccc9659690003cc543.png	1898-04-14
7fc12d6cf814d3fd0a78ca28de450ef5.png	1898-06-24
3bdc599a928b2aba248b664844406492.png	1914-09-20
0bab7d67919c78924558a31b5b471308.png	1917-08-02
94795af9d394a51f46881eedc273eaf2.png	1879-06-13
214e37873a7e70e4a5e05cca5962d1dc.png	1899-11-23
de97f79168ad5ba9a4bbc238e6816ead.png	1905-10-22
1e31c0eb4bb0ae93c38ea0d8a82d37a4.png	1902-04-04
a1ba36944196236e3cf4431765b390ed.png	1907-09-21
7423ca02492491c89d83a54fbaaca9d2.png	1922-10-25
d4bd6171337a76541844422a0b0f9e6c.png	1900-10-24
f00337160ce36b32a03324dbae083e30.png	1901-08-10
2e4f74dff1a85fb020fb2efb81698127.png	1898-04-19
310659a8d857fac012fd1566d89772be.png	1909-01-12
39ff27c5d002048af318545e8a2c034a.png	1878-04-05
a58f7190a99378eff6b52c1ce4d23203.png	1908-08-04
51b418a6a72236714d31751e67fb9976.png	1882-04-18
7dbc3c436cd8374ba13f5f46b1f9ae42.png	1865-01-23
876dd000ba2b0e7b4b5f27eb2b679131.png	1906-06-15
369dae7369263b2ce26b0a3ea98273df.png	1907-01-15
d71ba189c462c99d17e004c54519b0c0.png	1904-06-18
c08451af1179550e7c01633912e1f2d2.png	1912-07-28
87cbecc78054714da5d580406fe3e88f.png	1905-10-17
0ffda9906d26890691abdf55481d46f4.png	1902-07-19
1e9e4fbf46cf3f6655b7d05a70a971b0.png	1910-08-18
55a8b0940a2b2dfb5b2413cf2efe1752.png	1912-05-02
4e84eb59cf83d14179f18365cf53a46c.png	1912-04-25
9bb5c9a582e3aa5db77080e9baba1004.png	1910-03-12
dafdef5764d1e227ce32a91beb8b280b.png	1900-06-26
00736f6211708950fb244ec597e101c4.png	1918-01-02
cc988b2203b8cfe02cb8089eecc0d7ca.png	1912-02-09
fc6ca9dd5d2847387cea4f3e4eb61ff8.png	1904-07-30
c9770dfeb791f6c8328b0f739ed22483.png	1886-09-30
ddae64a1a6105efb5acab2be50c12990.png	1901-07-24
2a6d1801ee914c89d02ce6d4777c6c4d.png	1899-07-07
f09eb9ed8351b4736ff7477621948952.png	1910-04-08
699f5895390805419ed1bc6da4a6728f.png	1862-08-15
b98ee9af9a58f128f6711448dbb6a1ca.png	1917-11-07
1fd219b9a01df6ff34e75d051ff27e1f.png	1895-08-01
fa606fb3931f2787da0122c39ea44200.png	1902-07-09
b9cf8ac298916fe0196bb2e4d45ee6d9.png	1862-10-17
99b39a1d083afa63e3c7572b04a51e27.png	1886-04-01
4c609ba34a3cc8131e18de3983be8e60.png	1865-07-14
4a78a9b477ecd5842b730669cf5a47b1.png	1901-10-13
ec74e99397cc36d4e7dfaa0131ab8ac7.png	1913-08-09
fbabecd2cb2a051fa3122abbb09133ad.png	1914-02-21
23fc4e261e436bbdd9322410f4d968db.png	1916-08-10
3a0d195ae000f88667a64f4fd136f5e7.png	1918-03-23
6e670bc4c55a03e215f54bf8ef2ae033.png	1909-01-26
eae18ab4bd090f55a2d08095e781e9a3.png	1898-02-07
fc3bd8141fd4ea5e90450eb6b61d7ec6.png	1912-09-23
b779d073c9909fc9c9620d03066b30f0.png	1908-08-06
8fd9cebf6d781a1af00f9a284b12db48.png	1900-08-30
182607cf56f8e480119d9bb841cdd8a0.png	1897-09-21
c332913090033d734942c608145a78b4.png	1899-04-09
1bc849bd715482891258710f55959957.png	1909-01-29
d6ac619a1fa4e47a8efcaa244e23dfc4.png	1917-02-18
db624182f16ee20a7521186f69d35b85.png	1913-11-18
b1c3a06964f62973c8971876b840333f.png	1896-07-15
9f07f82811f13c7b3cb9f06811cb7fa9.png	1919-01-20
b3327aafa3c4a9448ceecab7a28e83ba.png	1903-03-23
f575099f1b08c89dd244981ed19a66dc.png	1910-01-27
fbc8e867b9835a9c671acf5e33d27c15.png	1888-06-09
cfb421ceb00fd789d50c5cb1bbf3896e.png	1921-10-20
905b61cacf68b0c5c9d1174b90494cfe.png	1905-01-06
b69907efdae28f5fe46c3fd458c21cb1.png	1914-04-24
e71b4fc38e770e7d90f6d21f6c726ea5.png	1901-02-28
29a80bd56f9beb45b91c52cf31ef7961.png	1918-09-03
b70cbe04b0a0c857f5c12783fc3738c7.png	1888-01-23
a89e7a76557bfca9386ccf4724b1b0a4.png	1910-07-14
2a469297d1d17bb4ccc7f141f0893d8a.png	1862-02-28
bbd33a7516dc04b59fa4fdab5dfc8b2b.png	1914-01-06
ff83c7389327a5b6068c5658ebe897ca.png	1913-04-13
30b7fe92f40eab393c74eab7da986e9e.png	1880-09-17
2d6936f86ab591d6c0b68cb39a790ea6.png	1909-05-14
6c97e11b2567769569c168132f48d052.png	1909-08-05
c87080f086145a80232f89b00f376402.png	1907-05-14
615c0991c54e878b5d56adc98fe2ead3.png	1902-09-16
13a6b1003ab9d46de4c82a1f5bd4e885.png	1900-04-20
cc8f2da3dea11f895f3f8d68cce81488.png	1917-01-12
0b19f7c01cb6c8b5a1364bb681dc830f.png	1910-02-18
a4b5e6bc45182a485f3dc898f6c2ed83.png	1897-07-22
ee49a921f1a574978f7e31b75a2d9347.png	1919-06-23
00a729b1639d1a0572fe344c80d8c31b.png	1887-07-05
7e60bd849dd1f51e777a628bf96b22a2.png	1898-01-15
49f74ae34900e618f39ce0b511b1b728.png	1899-07-18
b18e08f460db09cd3c5e5986fa692a7e.png	1902-09-15
c98acd05d3addeb39898c6638b31f015.png	1913-02-14
69809c09c70ebcaefa7d7be452952d80.png	1922-07-27
6bb5042905f3cdd65dc8c5fe99d17ead.png	1853-09-17
e37ff298d50619ee4e955c17cb1eff18.png	1912-04-02
d131cfbbc1a749ef4730f6691a6f71ad.png	1892-05-04
e28e95df5e4ff5270734a790ab59af91.png	1897-09-06
7b60f0934d64ba2454030c3cb80887b8.png	1879-12-20
28b8dfe5928d329e8cd289951cf3ff33.png	1877-07-07
3da6a8ff78a6f5edc8ceaf15c70eecbd.png	1908-08-26
72f91b4f2488fc60e9360b35406e09a0.png	1910-03-29
89792bc85aa34ac51713b13dd89f043e.png	1920-01-23
0a5ad450d302a9b5a92d1b8121364ca3.png	1897-12-18
6b6e9de72ca43a0ef2a2d2c6521d11e3.png	1897-07-14
e35fc5690731e9f079a3fb5f8c9d0060.png	1920-08-19
ac148a2004612b256247e5463f06ab30.png	1900-08-09
2b426dc5d38b8b302c14c8d999878965.png	1900-01-05
ac896a4d637620a455ceae81cea15813.png	1865-05-27
1a1c3a701b982c3bf439890cc1e492d8.png	1904-08-04
ee484c1a69c8d7900bf388fc5ca163ae.png	1920-06-24
ac2e8e7848e2e6f1132a26bcd6add5de.png	1921-02-22
8b63810f9996985bc285b6994047eb34.png	1903-05-15
786f50b840232f22ae9ca1dc46bdd97e.png	1907-11-28
4b42c4282fcf45d4619f200f0af08143.png	1890-02-13
16a4e4b3cd9083fb00c8c0df7dfe438c.png	1913-07-11
6e64f995a7b40e5b95c5dd5dda640a05.png	1881-10-14
ce653a7c3e132a5f48a5a7a387309a22.png	1920-01-26
e3b9c308895d76a85d3a30c05be742f5.png	1888-09-06
cefee0f2f28b7d2a356b409d0533e452.png	1911-06-20
50a43b77bd4969d3bb71ef24bb78912c.png	1922-01-09
391ca7b6cebc9a2d4ef9c75d7b383f36.png	1919-02-06
62c055999733c81fe29fd3418d7a85e9.png	1917-08-02
957a614ad8e882371ecf46f88834fa65.png	1911-01-22
7f4700761f86a2df3925c1d6a7b18c67.png	1920-09-28
9691e0fcbc17acfa39653ed7cb35f0fe.png	1906-11-22
4a8e4460acd126ada56bca20be795d87.png	1890-08-15
67ab396bc2ca2ba42d8b729ae30480ca.png	1919-10-16
7282200b1a12d97776b531355a6fec16.png	1899-09-26
a4a9bb30d589b05dd420cddc5829a013.png	1891-10-23
4d1885da605926bb4aeb47d946261263.png	1892-01-17
42dc1348589a294685e8e4febb3f2e15.png	1904-01-13
31ec0e6ee82fc973618ec45075855006.png	1909-11-10
1c8151c83456a9c28dc69ddbd590bb61.png	1902-04-10
b34d12840a9be1c42ef448433444964a.png	1913-11-09
d71ac9f62b9abb12a8621f199a38d69c.png	1920-05-01
591bb88ae6cc881f934d9e048669a95e.png	1909-07-22
e599d70b08c759d6949cc6e50df61e3b.png	1900-11-24
7dbcd73f94192a4ca49971040e41f072.png	1919-06-02
ce81a7a07b95d1b203c2b8d8922a7d2a.png	1918-05-17
f9c7fa7ea7f99d8c69c7e61a5d143af9.png	1900-10-31
3921d00958d72c23a14e776b6ea75448.png	1920-01-14
1faf673b67f47edf1820e23c424f2f5f.png	1907-04-16
8b396317e48fc95320cae0c048c21c68.png	1862-09-15
dafd973642c00e1d008c5b91936975f0.png	1865-02-03
2d9eb9ebfa98022944f5cfdee1a34fc2.png	1904-12-15
3ce7a4f7331d0805285041aebfb7df5a.png	1914-05-22
d8137e7906087ffa85f66295e9cf6c06.png	1913-01-16
e6f46b0d8867e10ba6e47edd677c9e5f.png	1889-07-04
34f20284b4bc784582c68c83eebc7b14.png	1914-02-09
68ac26ee06c3e240a0d72d20ef83fc4c.png	1893-06-17
c7f208cc96ba258e74841b287cb87d8f.png	1911-05-22
70b3d3f1f3fd4aa53d1cac258028e24a.png	1902-04-29
5b16ba6ee0039b7e5adc383dbbf0baec.png	1886-06-14
06b52d67a5baa2dcfc4385ae040e51f1.png	1902-08-21
0d5e408931ff824f7d935062ba0e9be9.png	1908-10-22
dbd0930ba09bdcd531e5be200655a01b.png	1911-01-04
6a03a6f3955b8e827ed084ab69a967a1.png	1880-08-07
5994efa73babeb756b9c4f9cba05269e.png	1920-02-02
f20218667dcbce08e1a05ea791e2b710.png	1900-09-25
e680e6fb148cf5e25ba24dc4af8cbe00.png	1908-06-11
55aeac4ca0a69b9b5d85b57eaaa2bfb3.png	1901-03-14
503c196a8533c504a74a796aad9c1594.png	1902-04-23
d26215e3dc9b6e4e476143a9ac6534f7.png	1913-03-23
022d42f280278c804f835dfc90e63dc0.png	1899-11-25
2d6dd8a84945f1d37da31bdaa24af3a5.png	1917-11-01
2e554868e0c90da7b285a25e73c477f5.png	1892-07-14
93afb4a10550e713631db1b9dfae875e.png	1917-11-19
0b57313da955d0659c45b347a714a33c.png	1889-02-23
446390d9915158794eda8deb38d09d0d.png	1899-01-20
671c92db63ae6acd3b34537e4a83d5ba.png	1919-10-10
c3e4d4cb76c3c173bc824a1c9e6a1547.png	1900-10-30
7f16c42027ea873b40e9dddd3a80f857.png	1900-09-27
8573681cca2c6902b5c4c040a344728f.png	1915-02-06
c44e8ecfcfaae919801aae2e100c3a4c.png	1900-12-05
0dbbf3080aa038568d662535b1da4c87.png	1910-12-08
c4753f08820a63ce23bef0a2966c8019.png	1900-04-13
a1eda1097eebafa368893af819cfb138.png	1902-01-07
3e3c0ed206c0bf6059201e5c53c06ca5.png	1911-12-14
3630b4b275737bd0e4b931f5ebf43c53.png	1909-09-16
d03996ca1400c5d8b69e3d8be3ed3750.png	1914-01-09
aa387eb9e8a8304c437ea85632635401.png	1910-06-14
781bf82a2c036cf287c8995fa1f43684.png	1899-07-27
234abf033138a90e1ab6d3fb63ad04ef.png	1908-04-23
619c863b97b31f97b5f0e9bc05728033.png	1909-10-26
e899302225b2d63a4cc82f44cea2d1e6.png	1898-12-17
cf5bb699688a4baecd2da3748436011b.png	1921-03-06
0c5d3ea140692205e49ef519b017058d.png	1915-09-20
c13b3587d4da9bc5f7726032d24601ca.png	1899-10-10
99928f4f0cdb7279a1251c40b09b15d4.png	1887-09-29
f9d378b6bbd2de2ffd0b5d80149265d8.png	1920-12-02
21d0e5d798bc8295150503e7562b7c56.png	1903-02-28
2dc664f82e5f84d7e0e0047f6bb4dcbd.png	1904-08-08
1e866cd77cf868bf39d583ec5acde454.png	1919-12-12
3827ed545812ee82b66b135dabf1363a.png	1864-06-17
8e795f913163d872cf372ff08af77256.png	1911-05-18
16a63b5a848bbf41b4549ccd5823eab8.png	1891-08-05
d5674e9ef8ace2ce6b1af5bab5881728.png	1878-11-09
f4a2d92e2621b0532c6952cf4bebbfda.png	1915-02-16
23d2bf9efc5e5f49167eb343474df1e7.png	1896-08-29
7ffe97b28129a27ed7b69347af55fd99.png	1889-10-16
aadbfdbc4a2326d80d08e834ec48724f.png	1910-02-02
dc09b961d8a86cb60aa051738c6b6e7d.png	1891-03-28
f5e30e5d1efa1be1212889b0229e0dc8.png	1904-11-18
25f9971f34a2526e8d53e90fa3d50631.png	1898-02-12
67556af1327850decab5751cd72ade25.png	1903-12-22
6100f81b2165a41b6f9c83d515822f54.png	1864-06-10
d89c679bd625c3bd73fa7e8f35b47008.png	1899-07-15
8b07f7a9a45f08a26b96874f4789fc8f.png	1894-10-26
e79c286b8c3bccc3c36df3eb3fde1e9b.png	1910-05-04
ec1bb3b1318350544cf0aa82c14c3670.png	1904-07-15
a2362c576344b7f9b9318d8575334045.png	1915-06-23
e9d6346bd958b623aabe18e713966e22.png	1911-03-02
dd91d11274697b23bc1bac61a2afc9da.png	1902-08-07
3d860ebd3226f368341feb898f588459.png	1908-05-11
745dc06709d905cb154048b35c242f6e.png	1899-12-31
360f1dc46836dc31487537e955d8db7f.png	1882-05-19
19151cd7c7c089565a7c00333cb438b5.png	1913-05-01
d385b8dbbd3c3777643f92819585b487.png	1898-09-01
aeb40b1c376931c494bd226cdcf6f122.png	1919-06-05
6ff40a3bdbdded070a1dd7e8121b9312.png	1918-07-29
a4b23271f377123b92556ce185de1cca.png	1898-08-11
fa0a4dd6e01fed6638b3465e5a7d20c6.png	1914-07-30
2611234dff9e2855d96ef21a8b8ec7e6.png	1906-05-18
4147ff7ad03590857b15f03710bbde27.png	1922-04-10
f6ef9ac60893f5150d39d5bbbb27588c.png	1901-03-08
b855ed51e436c9496c6bfc9e185a7420.png	1907-11-16
7687f9ee11cdca037536e01fe1e3cd1c.png	1915-04-12
5ac759ff77f280cf4ffc49802ac07f7c.png	1899-01-21
a7988ff70534676e2e28ba67e91d8436.png	1916-04-21
8d8552d3098136dc90d91e359cbc91c6.png	1892-03-16
6a8ae2984048807143094aa7018d944e.png	1903-12-23
082e476da541f54d1574ae41c7f5a7fc.png	1898-02-24
d60aceab9c16ee5866abd67a49b8f105.png	1903-10-17
849e0baf921293c2b18bdf4c1ad5296c.png	1904-01-15
c00672dbcc97e67bb0c6921c4f2cab3d.png	1912-11-01
4b0e6f4ce8d22a8a38f839dddab9cb43.png	1898-05-13
7521238e7b5f8aa47848192a83a42a22.png	1900-05-27
3571511db8665236cce1d70f920ebeeb.png	1890-08-14
0790f6a6a99bfa4472bd9828bc9a06d2.png	1865-10-31
8775b389355974d134a0f10aeaeeace2.png	1916-11-29
a1f9257199f3cca371a15e408b6764c2.png	1901-09-06
0a331ace330993746bc30b496f966d76.png	1888-05-23
6aa7bd4eb7e9b9a42fe4e7e763eeb39c.png	1903-07-31
2610fcc226514029cd43ce8e36b32ccb.png	1888-11-03
755dac69818530d7c293430d55d05ddc.png	1909-02-08
c9e6f3120a2bfc3437575bfe302519d4.png	1917-02-01
6604d7fa0c646d7b53a8e8194374107e.png	1908-11-12
c80e7a6b924b72121d2538bf7f7d4016.png	1909-09-22
b93198ab17a144b00e8c08ae63285605.png	1904-09-29
45064320d2ddfef59f7cc4ffcf488820.png	1899-10-11
992eb07e06e145b22b12cc7eb228de3f.png	1911-01-18
3c965351269b0bc79da2e2fae9cd5d7a.png	1909-08-12
bf25a1c3bd67e4f667eed31e17fedc8a.png	1900-10-18
2fca16fb7a914477597b78f46cc826dd.png	1901-02-14
ca3fb1641cc31b6a4ff32fbe10916f6e.png	1919-07-26
a81381d071d84bce5e260023ca981ae8.png	1905-09-30
54640132a868dbd30361bcaf2536d1d9.png	1904-12-27
a51a22890b81a29bda2be921c430070b.png	1865-08-17
11ab817307d85d1645ac995e0fbc1a0e.png	1912-12-01
750f3c27e40e6ac3e21e8760930f6296.png	1917-05-02
296ccb254cad97fcddb57678ccc2089a.png	1903-08-18
7c106edce58b03b2335757c047b5bf3f.png	1898-07-31
c6a48f7c3efeff4d409f2637b5c73dae.png	1908-02-20
bab45bfe0c53417191bd00bc432654dc.png	1903-07-06
c015e59ccddedd4e59923b1b13230420.png	1909-07-07
c241573a2c446259311dbda4e31019fd.png	1886-01-16
833f8e9bef72da631d9fc4b7f254751a.png	1891-08-30
c4dd639a20745045f123cebda3e81089.png	1913-02-18
9732639b44d9b933ba7c19863bfa2ecf.png	1919-05-10
f16b1839ddba64a8e0db9c2aba16605e.png	1904-07-02
95c147df424a1e81ea537bf1d18ab5c0.png	1854-01-14
949cf5ffaa17abbc1179ecf198b36703.png	1920-04-06
3f7ed2928c1e7510ebb709e07b4fd598.png	1914-12-23
403350c84061ea66546fb2d57855cdf1.png	1917-12-15
918648397dc3394e9128f26ff3c44c36.png	1912-02-22
8c8b03b176c272ce28fab52e7530d933.png	1914-05-10
8a5d96c318d881d83399718e64670650.png	1910-08-23
fc6f214735c71e4fcab1e9c79dfa089e.png	1904-10-01
4060608c4d23590e8a8e1bf4785d04f5.png	1890-12-16
4995fc1b1b0cecdc0124caf58e769c07.png	1900-04-21
992ef11c08ef9d1f82a4357927d9aa87.png	1905-02-09
dd2925f2a976252435e311789890d5dd.png	1900-07-28
81377014e05e7ec5c09209bcd7708acb.png	1888-09-20
4995adcc49557b66ac62276dc08374c7.png	1912-07-16
8d556f5bc81de7a2c27ebee1118a5008.png	1906-01-31
b3c4a23a8d216afe18e0e8e6311a7fb4.png	1915-06-04
fe6d0b2042fb59e72b17c032550be08b.png	1909-02-02
f6d15c63f418fab4bca60eeb7a3ca720.png	1899-11-09
d49407b2e263b8ee1da65bd4ec2b8435.png	1904-07-14
055dd6c808d904e2568d29876ddbb24d.png	1900-04-05
f05b0b3a0616e9af846fea5b3519db3a.png	1898-06-03
207e1f404c63363d84b5de00c6232fb3.png	1901-09-25
5d7da145eabb352ace1f5ab3242a91c2.png	1916-10-24
55a7ce31156923a474cf7b9cbf6c001c.png	1914-04-12
6167c56bcaa71fc12a312066aa0340fd.png	1900-07-09
12a4a5ad8c15c3f0552aba98b9dbd2cd.png	1900-07-06
eaa591e111fff000a03538ff42cf4210.png	1900-01-17
79c705696cb4804b3db76e1fc4c677a4.png	1888-03-29
383c0cbc5bc097dd1cdf9d9ccbea584e.png	1858-07-02
6816c756f145aeb53e56b96c02fdbd7e.png	1904-09-08
9df429389feacafbda3f58768ad2516f.png	1899-03-20
bc04d79eb59858f747730507b3a1aee7.png	1907-09-26
c66a0adb81219d95e6923470c4c826fb.png	1920-05-13
59d2f6922d47fb5956a0c2f5eca1e123.png	1854-04-28
1b146d14b9bcce48934a5912680f2e23.png	1904-12-20
3052fe6e568375ba4dfad4db66a56db1.png	1887-11-09
eeb72079952f48cb542756788b7a186d.png	1910-08-23
15b5a383e19d8b5015a4806753def3c6.png	1904-02-10
b55257d2bd63ddddd6b07631c88cc97a.png	1888-09-01
e4cde46f29ed7bdbe672adcf1743b314.png	1886-09-22
384d9a737658bd9ae4dc43eb7c741ab6.png	1898-05-20
cf128dbb147990dbcca4b3bc5fa5ab04.png	1911-04-02
e80886124cbad55142bb17117eec10de.png	1897-08-27
7ecc66eff8cb86858b3ae90246fde2b0.png	1916-03-30
ce2b497807ccd27bab66dd09b76da391.png	1912-03-28
b2c3d57a2ae2ba91c2be2695af98672a.png	1904-04-30
e488f5e51497b8bf85f95fe49328d956.png	1905-02-01
145ab8d85c7aac4e91c1d1b97390fe1e.png	1904-04-30
876f13be0d83cc76200b0d8f1c4d7db8.png	1914-04-17
714bf74b959cf3f9bd88280cf1510a21.png	1902-11-14
2f8f7f9eb747d8a2a50dd5f60ab6a3c7.png	1921-07-18
0e52ccb3176b8efd07b90dcef372b7b6.png	1897-01-15
8ceb8f2ef7d390923cbc25e4036232ad.png	1890-02-20
45a45c745a94075f0e8e996b6f03804b.png	1907-12-07
5f178f82dff1a9d10b596db052a52561.png	1913-10-31
3bf9500fbb8727b76e15198d053d241c.png	1901-11-09
0f956126d501153f68d216c13e6812a5.png	1865-07-25
d27adb0504b635cd6dbb5892eca40905.png	1862-10-10
41707a5190cd4656450daacd5649f3c0.png	1899-11-04
353a7c81573e92182edff868cdc1b0c6.png	1912-09-27
308e520a8989ffeaab068e8dc7a5f0b7.png	1909-02-10
57286ca9dd1f47197fe7a7135f88e559.png	1900-01-08
bcb3345096207a3149cdc165ea848e1e.png	1908-09-10
7bfd23f20624a7ca61264b2242207c82.png	1900-01-09
cb91efa8b8c6e8e5ab1faea804c5d31f.png	1904-07-12
53b6860e68e7fd4920fdbffc132b500a.png	1920-03-18
b658fae322b35a4c07ac4f8562974755.png	1899-04-15
171fcf2211f6dc09fe9e8af459709549.png	1899-05-31
cc53c78223b6bfcf5e1dcc8555252c54.png	1920-04-10
39d2ad1c1d8f9cacc2a6d061ab1e5e76.png	1921-05-21
f012b78583149f2e6c5f188c534e0f51.png	1911-11-19
661d798ca718c8f486a09bc96ca3fdc3.png	1885-03-01
a4ca7911ddb8b10944dc918217c4c79a.png	1918-02-23
83fba10098a1c8400142e4eb91b4485b.png	1920-05-19
a2425ae29b7473025b345e918079579d.png	1885-07-23
ad9526e698639009de0c02cf2de42334.png	1903-07-09
fbc14dcabac4a87844ab31c5ac98e528.png	1905-04-17
699f15d787d0fef52f71890c9e0192cf.png	1909-12-24
dbede6da8dd5148399ce1ea84a5b84f8.png	1885-11-12
29393161479dfb9d8b71ce28b8da4b13.png	1897-09-24
1a617f424d03fc73ad658fcd4f6d8b1f.png	1894-01-11
70d75dc8b9a6b7adce68854074ca8325.png	1898-07-25
1555ed37768145dd41c8465283c2a8a1.png	1903-02-03
6db4329f06e6cc699ff80fcceeed6e9b.png	1900-11-21
4dacec9b9992b4a1f467f9a46fd728d1.png	1889-12-18
dd236debab134d30727823893a6e59e8.png	1921-05-31
937a0214b5c00c2903158a3dcca543c9.png	1903-05-14
ccc5d2211f51abe22d2b7f078e610e05.png	1919-12-05
0e4e793299754b21e9488130e569c844.png	1889-03-09
dcf45e454217019017d3aac3b5bcdfbb.png	1890-10-28
f6a3894046c527321804b300cf76bd88.png	1920-04-23
7bf5eb5c789a41b5c5263e3b0c7ea303.png	1898-12-15
9f12c9826172a385461a29448658c31e.png	1911-04-20
299de528b2adfc0a371311e96fa3e143.png	1901-07-02
bea95b18b35a64dab4ec2b11a13a03be.png	1914-10-19
01127bca6c498e8be8873ba9e829f9e4.png	1888-03-08
ea77a94fe07d66ce3876a0f74e00ed65.png	1901-06-27
9ef184e59be6e5661390c95890d5a0d9.png	1913-08-21
19ca46c7d80f5de5b2430823572ed9a4.png	1913-07-10
55d15f4fc85b38ac93fc07907916230e.png	1897-06-10
06ec470501fa315bc2493fbb79921cc9.png	1900-11-26
442b49e37ec484527ef4ff2960f2f875.png	1875-03-12
b4b86d955125b764cb41bbd93a5c8138.png	1889-11-26
571272ca1dcf4ed1bb0319336f669644.png	1912-11-05
eeed8dd4cf39f17f0b0123f71502fd7c.png	1917-12-19
db3e702f3bfd18dab947ba0a7219b65a.png	1922-09-20
ed41cf052dd0651d8b20d5d42c3f1184.png	1906-09-20
7999816ae3d1232195144ec62ee6d3ef.png	1901-06-23
a76c0068a4b07ad1bc44e5ffbd7fb5ab.png	1897-05-27
1849e561a103218e8f434e77d666e10e.png	1899-03-07
0aba4c11933e4dac637dcf7d807bce0e.png	1911-08-11
76754854d1f192a040df90165ace5eba.png	1912-03-21
14c6cc565437edac61ed7ddc6b635e26.png	1906-08-16
978edf8a12c7e92193ab482e7fb943c5.png	1891-12-24
5094f5e6d840dd61c6bb31c18687a238.png	1919-01-11
5a05aa4f6cc062eb831251f8eea02977.png	1902-01-15
265bb9555f38325fc24fe28528524d89.png	1881-07-21
043997d181a1b4be9b2489ec06f4d7f9.png	1918-03-05
4ea63eb58d117ae392130675b31356db.png	1903-08-21
51564722df537d8e96f645f80f3ff6ee.png	1897-04-02
87c2a02ba4f8c9c01ae541503bf4402d.png	1900-07-12
0231c0bf5ce81d4d5b7a11a221561d50.png	1910-11-10
79abcbee1df6fa1f9f1553caf1cf6c36.png	1917-04-16
17deeb1f6ba6bb75ca7be482b6309fab.png	1912-04-23
6b008dd22340493b5ea48536a5cacb6a.png	1920-07-21
d5f15ed4aa937b61f1bf105d9595539f.png	1885-10-01
9c37728b45e489217540f7546d9b005d.png	1914-09-14
8912f1adcb3d0899dd6eab7746667f2d.png	1904-08-27
44cbb857ee9c0b59b7be6b87286110f7.png	1884-05-01
91d2a2340d7f1c3feff0459229824a28.png	1909-03-26
5bf20166957041c06698c5142665baca.png	1922-09-15
d7c1d0f05400b80dbbccf762d5662af1.png	1910-03-31
abd54c3d3ff239aaf4730eea038275a6.png	1891-03-05
f329e7b45ed4f6bc832389e8ff9e5564.png	1919-04-30
cdff2d04af0cbe18058394700f536bbe.png	1898-12-22
87a5a427048cb6fd1f22a0d574d69f7f.png	1902-09-27
c73a8b1664c1c01e13dc7dc576a8effa.png	1911-09-13
10f5f90bb7a29c6cdd007c58318fb642.png	1885-11-05
d3f1cd0287929d866aa48a24ee618a2c.png	1902-10-10
9483ae370a6f18dce3cc5607ddfa6324.png	1901-08-22
a705f8d9bb6902c1d1a9fce98f1b5f3b.png	1915-04-15
8d6dfffcc2a19558265076c143b84515.png	1884-03-01
9a43efcb64ffee34e181c8b24a58f1ae.png	1911-08-29
e7a538a9aa29725bdd2547bef150d069.png	1903-06-17
b66ace992c8ea84c422833be311e12a2.png	1900-11-28
4959f2488ce02ad917ae60db11bae121.png	1914-11-13
f32f9f647207f0725e426c1003f67b27.png	1887-05-28
24b65ce939315d743c4d5872d296033e.png	1912-06-06
af8d0e34d39d1e4cb6195b2f57826ef4.png	1904-09-03
8869919146244b7621c55d00734df203.png	1921-02-22
3f1379d9e4cd6f8eec3c26b3da56da03.png	1898-11-19
9bfc1a821beef0b52011a508d0ea9584.png	1901-07-03
376978712f68bf5516e2d73c9240ccd0.png	1918-07-09
eafff0a7e65c03774e7c459b9e4b5b77.png	1907-08-08
430f6ce3167c33a0d1e40a40932d0d21.png	1904-12-16
f680cb80f00401e703ea9d9d3f6d8c13.png	1915-11-15
76b35b9acb4341af01f3720f22aeef4b.png	1907-11-29
43a7e16edea4be2c5ef19269afdd057a.png	1906-05-05
ab8635b9d90ad7c7eac518b291b0b143.png	1897-03-20
54b819e13033bdf6a1540e18c114560d.png	1906-07-17
1d73feab7ae0980490f08ffdfa920bdb.png	1909-12-18
76bd88b21bb36c25e4751da4068ece87.png	1893-11-18
15cda9757ba0b48f53394ee770a995d0.png	1903-07-23
532f5cab6a515199dc0c387e2334ba86.png	1921-06-14
747482b6e1202c33e38db26f6cf1100f.png	1876-02-25
cd571181aab72d625e4771e40f8aebb1.png	1857-04-24
33cdff3f89ace03347d9965d1c5e1638.png	1908-08-19
6ef59186da3bb4dbdc2ab22e0ce2d7a8.png	1907-09-25
d1a8b9aff2efdb50ffcbdb65d0e4c4fd.png	1913-08-18
f29c1dc6894c46146b2abf503ac290ec.png	1895-06-22
db58714db864082d2a09a1011303af17.png	1888-01-17
dae0aea813408596a07b72894aacb25b.png	1878-06-22
89dc7a3eb4ac32ff77a41c2afcf20cd6.png	1912-07-11
05c379fad2622dabd4aa767c9faf7ca4.png	1902-07-31
66366a9c41bd7c58c6c10f832627fc22.png	1864-05-13
c77fa5971b7bdb318f1681d1ba17c1bd.png	1909-07-17
322b138f657aedd721a1bba2d58a9e24.png	1883-03-15
4b6786330270d0e224239c06e7dfe596.png	1903-12-22
2e6b22dcfd2c6d2f71df1d4791e375b4.png	1909-01-14
3d4f00f07674ad763804fdfae6f670ea.png	1890-11-14
88f6e7ef78c48353f2564e42a361dbd2.png	1898-01-21
4e32723d52f92d5565d1910c6ce592fb.png	1896-11-03
7baef5f51cfabf7d971058e429a9a671.png	1907-10-03
3790fce9e408890b41e6984f5ca1ac7f.png	1899-02-20
a748c02b5dfada09ddcd5203c476d224.png	1908-09-18
1a257ed4f62eefb583db6840060bb431.png	1909-12-22
d9efafed245ba2177fa5c7fbdd8dfac1.png	1919-12-06
26e319b070839ce2520b17c71c968942.png	1895-06-07
a77ba7b27fd923120f91e0d853885087.png	1917-04-25
752f28c84527d2b54077805e929c2870.png	1892-12-09
bdb05e3024e8e4d75e6fc896f36de138.png	1908-11-19
237ce58641a914efd647ccb0e6005e3d.png	1886-02-11
509efc0444790659c3cb63b161ba7667.png	1909-06-23
eefe7d034b8d0ccfaf39ef24d55336aa.png	1903-12-30
74f3e8102a4271cebc42a935b70d3008.png	1910-10-07
303f1dd56849e2f1c622376f3325c178.png	1864-06-30
a4f69bed7c6a0e02c465480de6dbcd4a.png	1910-02-10
a4512afc7c3eec74cb772ac85a47bf5c.png	1920-07-08
efd5abc3e09a1b886d7ad253b94fb563.png	1903-10-03
27792558b619c2cf56fd99246fe6e853.png	1903-10-09
76766f8be03258b8f990b57bdfea4b52.png	1884-03-05
bd995d8526f6a6880db6726d497f5439.png	1903-10-07
222f4859ad26e6ad1ed7372ec61fe27c.png	1919-04-24
3de359ffa814b85d26b0c56a16350996.png	1907-02-28
e7a9ab74f8ffc8103e8e1e421bafe07a.png	1888-02-07
05548162ab4aead6ef942edddaff5094.png	1912-11-21
2c0c7dc9e8e072fc9f29c58ca47d4e83.png	1886-08-05
d70a6c4296fbc2623cbc938ba83be4db.png	1908-06-05
7642c732ebd56b70900d1513008e4c8a.png	1914-12-10
e73883c4e7e91e2fd1c5d59d0edf684b.png	1918-08-16
adfba4225059c42642935621393dde68.png	1901-10-22
22195e0dcc31638df8783b4d15a6c1d9.png	1913-01-31
9292087c0d28a62ed58d7b2a8258ef2f.png	1873-12-19
56d7f51ba6344b90a1f41ce1272ee074.png	1903-10-13
757d021da54915ea4ccb54eac6f5faa8.png	1913-06-24
0508e25af90edb21748e512259596f7f.png	1921-01-29
28b4acf3cc8f1a010e5357531df7975b.png	1913-03-11
e386a02f37bf1196f20dd07f037ef6d3.png	1899-05-31
fbb1cf598f6b34ff506ebfb12f1dfd12.png	1911-12-21
4eea17d01a6888e3ec5d71ec1da33d86.png	1900-08-06
fcb7abf005a514de9e3d3483d0e06452.png	1888-05-08
b20f551ce7079367f2fe85df57bfa100.png	1888-06-22
7ebb114cb7f0cdbccc074a0e9068285f.png	1892-03-11
653e93ecc683577da279944f64912c2f.png	1913-01-14
80347a2cd2207986aa377a47dcdae3be.png	1908-06-09
e53af1f99fdea65ab964a7f768416d30.png	1915-07-14
1d135bd2f640bdc50b82a2eb125805ba.png	1904-11-03
b6ffbddf7c6c79b1189cd019c58c30fa.png	1898-02-24
f34fe7b95ee23b2bbcb0fcea72e23b3c.png	1905-05-12
71a3dfa9cdb7c06160d913885edae377.png	1894-04-19
8c958a2d495c5256e67c5c7741e8d2a7.png	1893-02-11
108e008aae7c27491b2034fb089fe3a8.png	1882-01-13
8595129e5d29c6b1a38506da7550df33.png	1912-12-15
441e6521a0316f866ca6be875dafab28.png	1909-09-11
0ffefa1716c92f89bf3de3083930fe59.png	1853-11-19
f16d8e5496d36ff5ded214ee432813e2.png	1898-01-02
1999e92c38ef530992bab47dd4bf4543.png	1907-12-24
adabac46b1755c4f1ba5ae3a442af1c4.png	1886-07-01
ee4fea134aa3c751f0274a9a4cddb878.png	1922-05-02
15e070527297f3e9725b6457a66bc207.png	1913-04-05
8712ab9817043db7d3a62632d5d9dc7f.png	1900-04-02
5c4cc648fc06353bdfa4c8259ac54855.png	1897-10-25
bbecf0719a4767d327f955167958b851.png	1896-05-21
30fea0d8fc6cca66f8820104363b2ca9.png	1907-05-24
227973560710b0cac72fdfaf0ff6604d.png	1914-10-15
492dea5fd4f358d7bd628187153f6e7c.png	1920-03-23
6d748c3ff0af35e6d940d8b5f182663b.png	1857-11-27
b3c9e1f597cb7902acb3592ca978511b.png	1891-09-27
9cfea817de800415fea03c99de8dca62.png	1859-04-29
c17a8c103630b7e76e7e35312fbfa117.png	1910-10-26
aaff764bfd67b0115d68db7778a7da80.png	1922-09-28
9f8fa13a00054443a302fa9f2513d58c.png	1904-05-11
7050205a6b1cb39ec79d4b5fe31849d6.png	1898-05-19
4a1c3691e573e7c765f5e3d74f4d1a06.png	1887-09-13
956998e738e4cefd90427b5506a2ec0e.png	1892-06-24
07d7ab62e738526fb530650a3ef77e1b.png	1909-03-10
324d249a46ef49ceb01a559b4ac41668.png	1895-07-06
7d5835c1270b6312a19ed3b8e33df754.png	1919-05-04
021a3b64e69566e3c9b466a2fa729cbe.png	1898-08-04
d54e034d44add4f61c67e34a1919c35b.png	1917-04-27
71f527abc14d0c7e7cd191ba8313dcd5.png	1918-03-27
a3d4e731464b86e8d2f0b180372cd8fe.png	1910-11-24
50769cc8b5d5436a5f3e8f1aa19a51d2.png	1910-06-18
a4bfbce26243102da4ab4df493b8dac0.png	1900-06-23
d3e646e0f22c8cfc93fb6c26cba3fd61.png	1878-07-06
19d9baa2659edec18eb71a793bbbe26e.png	1920-02-16
1ae3db13ecd0d7f951c4374cda322715.png	1904-12-20
eb156c74495fd59ce824f4f9a466ee3c.png	1907-09-03
75d5f314a082f272381ac1001783bbb7.png	1865-05-19
d51e13ba89203f75debf7df74f80f847.png	1903-09-12
189be7dc15176f336163e2d260100f63.png	1904-08-13
19a6651929e8cf4ae57649cb99dcb942.png	1918-08-26
7524d79fe56f48bc58755ade4b80e832.png	1894-04-21
b35e26cf4b40a3884f113d23c6a6cc0c.png	1892-05-19
598fcd8e1c9122284b84323f2c9d70a9.png	1864-05-25
f3960fa216fb920b7b21e9fd69c53880.png	1863-09-25
47a26d9573b293f22aeea08931551797.png	1907-08-16
06c7fd8b4b2d6038b56d3d6eb1f97bc7.png	1887-04-16
4e6a7c10d294a058bfa0af3a6ab07072.png	1920-07-15
2e181165abe57b94e218521add87be02.png	1907-09-03
223de41189d98908f0f1f7dd88ff20bc.png	1908-11-06
4e9486d1afa42dc0aec6fda29bd24db9.png	1857-11-20
54489bb4cba8bb8c83f33f30b81230a3.png	1913-03-29
74bd21e471fef762c3e38c991f4f6a92.png	1898-06-11
ebb5cdb6dbe4b09b79d7264d7f0ec5c6.png	1896-09-23
cd970dcfa56588816067f0e102f4bad5.png	1888-12-20
0eb4a8c43c8b5e3c7f92f58d89d8e07b.png	1913-10-27
b01ae9373c1782d4c4037822d5c9dd2c.png	1904-12-14
42e46de012bf5d6ea3918a4400d9c221.png	1922-11-24
47a70115667103a74b43c9afbc1ead9b.png	1896-02-01
f837e235ac72c8bef95963456ae1745f.png	1910-09-17
62a3d780b50cd4bd98ceca075cd327b0.png	1911-04-27
802fc2e8d8a595c1c4510d03dd89cfd0.png	1884-12-11
38e02fd4afcf2f1e901c0b286dab32e4.png	1909-12-04
d37da9c66689a8575ead0b49f0779bae.png	1865-02-17
9531c1eebba71da6db7084dfadd22aee.png	1900-08-16
f28c35709088907e7ec5b3b400785c67.png	1910-04-14
403b95210b5916efdbf6cf5775a7e5ae.png	1913-09-24
ec8939f43b602b9d90c64b88b1313f13.png	1899-06-01
d348fed5b5e4249721071c8c688bea9c.png	1915-01-19
9f58da62ed9bb686ab1ea5d1387672ad.png	1897-02-22
b3270b3a2c3dcfc7b7a51a9c053d8bf2.png	1913-09-11
13e4f4fc99d73e0c7daa615823f32443.png	1905-10-19
5890d9073da2afb2755b1505608c31a8.png	1901-11-15
c560a9a1c4a6f19a9f36009b4cf6cd44.png	1898-04-12
b19bff2d7bff448518d0cc4d251d9b1b.png	1912-06-06
e0b4960440fe4d4cdeeed53a9a595300.png	1913-11-30
7e967d6bc949a0f6d291c13926309eee.png	1908-05-01
903945227eb3bb74a20b8813537979a7.png	1864-05-06
bf3566a936af39b1f5ab326341ed122c.png	1912-10-03
9d0c0cd3ec30a5cba5ece9152b3e2d7c.png	1863-10-16
a6bce5133f0639e7b50f88f68d1ccb26.png	1898-05-31
35f157589cd0b456c413a187d6be13e2.png	1910-03-21
70a320ed4adee88e46d295053026a667.png	1921-01-25
b6de69c2de31e1118290f4bb72ab3938.png	1887-01-27
fabe45d3d8cc91aa25e2a4973a83b91e.png	1900-12-08
fb9dd63cc6f15a1c93407305c38b40fa.png	1906-09-19
2e535a935a5a873568c444dd4f4793b2.png	1897-09-30
cbf6ee22f091d8037418103db026b21b.png	1909-11-04
0a7a5242337a293a1d9c09714bf06bda.png	1913-04-21
f9cb0790b4ff3d0d18bc127e774aeccd.png	1914-08-02
f557e041a8392011de2c6e8fecd3fbf7.png	1905-11-22
f6b43a54997e9bb6ad675539f2b42d4e.png	1903-05-12
6ff598141a5abef61f70c4d2ccbfb26b.png	1894-12-30
a3ebe144befe1457a584692f156a3fce.png	1916-10-25
b4bb86ace9aa340fa61a9f9563df9f67.png	1913-05-29
cff85ede1f32b39f2f9085b97a3cca22.png	1906-12-13
5428dfd2a1bc2cf4e60b8a77e899d403.png	1899-09-13
acb11cf7a3515258f2ac9437dc6a2570.png	1885-08-08
76a9d201d897bcb1ea6ee9f4e6606509.png	1903-04-22
e321134439af5924b418d9bf01904f10.png	1882-09-14
5089a4e906b33a7c51a401ffabd83287.png	1910-04-02
ed561481dd209e6b572ed93dfdfb8fc8.png	1910-02-18
56efd3683e6f0423170791349cbe16c3.png	1902-04-09
65aef865db38ce8b72a19ac6479da737.png	1897-04-29
5e44e8bce353297dfdeac12f8ce2160e.png	1922-03-11
49c978c5b3186e2b65c486c4e253fbb6.png	1889-08-29
3a1ff65dde5808bf4fd091281cc4bde3.png	1901-10-25
8f01b2e15d5bcf5a8abb837bf8e5f325.png	1899-01-14
28741b0e40097d1b175466e6c77f1f12.png	1913-04-22
7ad07afd6d9455c656a14dd103a19daa.png	1921-08-19
c4b49758b995e26c3f01a247667f34b2.png	1909-05-28
cdfb1ee26a74f9261f1a53886d2be4ce.png	1904-10-25
dea5c4f77c92b5ef81bb341d1f7e5c09.png	1907-11-02
63cbfcaf4da732a33ce4060a3246fef9.png	1913-10-16
22bf5251caba2a97e8aa5f40a11cfd9b.png	1884-10-23
02ecf9aca193170b5b08fd66d0bac28f.png	1919-07-08
f87894f8358924a6167350ecf6904d8c.png	1895-04-25
e58bc462700a37f96b311804ccbefaaf.png	1912-05-15
b15a062ab213c35e54f00d9a693cc150.png	1898-01-11
9a7af221adf72b7c48dffc5544c293c1.png	1913-05-02
128f9abe1703c4c57dc7e1d7bbf0b68e.png	1891-02-28
726ad38fa299d221c716d8136dde364e.png	1901-03-12
8b2bd58ea7fed007f7aaffee8bca69a1.png	1913-08-15
5207ce1f2e629d24232e3b7780b369f1.png	1904-03-29
3ed0c303b8bb8a70ae85e863a0b9413a.png	1897-09-06
5c6a5287da0e45a1b36645dab4ac9521.png	1905-02-15
e576cd99fb5050aefea5406820e764a8.png	1902-08-26
edc56aedf7edf7525fd8743330359a3c.png	1861-05-03
9114f8737c673ebf2ebdcd2b5728a68b.png	1908-09-08
bed15e67d938327285947588bd3b239e.png	1904-04-15
8215127f78514b98d8d47149cc53bf73.png	1901-05-11
6a1211b2ea48880d1f332a732ef3ee4f.png	1899-11-18
63e915177f06e1c7f93a1fd3271834b2.png	1921-12-30
e0ecb64f3baa254b8f41f55bf848ae6a.png	1902-11-14
360c87daeda412ac43962a50bce47ce6.png	1915-07-05
03be0461cdfd2cde2dca8cf892a61f10.png	1901-01-28
525f265464c8f02703c87823a568205a.png	1916-06-23
c9a85ad84fa6bb1ce811ba6cdd9805ee.png	1898-04-13
adbde62e41dffff77bafeb38b4121b86.png	1918-05-28
00569dfa3d012e179cdef228185402b2.png	1912-04-13
1dc2a206a9d531a06c915b12a61ed729.png	1911-09-18
37dbe150265b8e5eab99c3e5367921e8.png	1906-04-05
c8b7781b98e54c521db8270460a31635.png	1890-01-02
0cad33eb5900be3e9932a40a2dd0c13e.png	1897-02-25
31874a348a2c866af807c9d2aef66213.png	1888-05-19
5750184ee935c56b0b016656ce33c25d.png	1922-10-06
c6007559ec026855bd06032796e587bc.png	1865-04-26
b2057b2db0ab062fc395c1e5be4aff49.png	1912-02-15
13b7828f7e6589caf23977a4c414f0b6.png	1901-11-15
77f1435557d3567160c56d10ccaeceb3.png	1896-10-03
dbabd563a45efe72eabec736f064816d.png	1912-11-21
6e0d85689a93e58fbd343225b5a75aae.png	1904-07-22
ae5389e01b189940c66d3bcc743718ed.png	1909-08-01
7fcf37854f8949243b19e8e17f7c6ed0.png	1900-07-22
32cb003a73d362e5b6a6c1fc2fe0f976.png	1899-08-12
116dd7a9134ea35b78f9f5b32c6e6c28.png	1908-04-28
9f69d5119d0a80e6474fb1efa873b3b5.png	1900-09-04
edf67a9440f478841685300827a41481.png	1911-08-01
ed19c5222eebe7ee050bb388b6d755b7.png	1889-11-21
190ac1bc86d0ac990ca84bc4b7976015.png	1918-02-06
2921a51c4868b346a0fbd0055b8c89b5.png	1897-08-26
9012f5cdbf10425fda67fb1106d30459.png	1899-04-19
b707bf75cd88e903e190e83c9dc669d3.png	1897-06-22
640f765e2798a7b32c279057ea4fbc19.png	1917-04-19
cbee55cfd8bbc9723e5a6a185b0724fb.png	1872-03-21
5e192f0256fe1b25caa66a4d6c0c9838.png	1921-11-08
3993c70c97dc6916f9a556119e602727.png	1907-03-16
aa1137e98c0fd4cb9abe9322c16f37eb.png	1903-02-26
aabd10c986b8fc954c44432ba8cffe5c.png	1898-02-21
a6b3a8463fc18ee66c20b238882c893a.png	1886-07-01
e17ee0313141f88d454a2927d75a42c0.png	1909-07-19
c1346d75aec75fddfda84d6d6eeedfeb.png	1907-12-24
055ddc60b5bf59b04fb6937f8880c391.png	1922-05-01
4c8315cbd51f9b8a72e74b18e7fb5578.png	1898-10-20
9f709cbeec1b53871cc7db65f25279c3.png	1883-01-08
7e6af78b6b4047c49e5b0433a6eb9121.png	1917-11-20
a4fc4ae609f75bf53b355eeb811423d7.png	1917-10-26
d1fbd07ad126b4ac610e2e48c48c9eb5.png	1863-07-09
16364c7b4914cfa5d7ed6f69c320c378.png	1902-07-24
5ff39372d9f1b78b5ef4623693b1466a.png	1904-12-23
0db42a63ff637bf461ce71ce31c4e112.png	1914-06-20
94421a245ee34d8aa1564eb7f1c6e855.png	1882-04-29
681c67187105e50904ed3e46cfdc0ff7.png	1890-02-02
57adba7d026ec382d1b4bf2f871f0579.png	1919-02-01
6a5500392666ab2b5220da3fcd581a97.png	1905-12-05
4e271dbb4bf439e71b9bd3981f2dc9a6.png	1920-08-28
016a20e7abb7270574a0d42400687ac8.png	1902-06-12
867e9bb25fde40a491242824a85ffcb0.png	1910-07-21
564c1a9450db175a90831d6ed4e101b5.png	1901-06-24
c2985b55a6a4f5b9e374e5fd8583c27c.png	1884-05-28
8e820867ada47ebec8dae0d0390a5f4b.png	1907-04-14
c36f21cdbcaa12d44bd5aaa07e7147e1.png	1896-12-22
32d73bcf6ce2d15fdf26d39e3f9b3cd5.png	1919-04-05
dd9849534c20aae31d3103703373aa1c.png	1913-09-25
2bb77bd15b856bb8fba598152055468b.png	1904-10-07
d438d0e17d228b86064d95f33af0faa3.png	1898-03-07
ff6dbbf2b7ca00a0e7b1314d8f326732.png	1910-09-21
3344467b699d9d9a819795598ffee860.png	1916-09-19
1d9160acc9112cb7e3cf41f69958c827.png	1913-01-28
4f2790f610f4fbdb42499ce8d34a1382.png	1905-12-28
c00c3f52729f9d51d2dc1f80d2a0ea57.png	1922-01-16
c14b26ab7d6e84d7b63a40f7f3249e08.png	1913-03-19
bf0e554ef69ca85b6beafac73e1a3dde.png	1914-08-19
9cfa1f6f5f68b7eda9486abd2658d8d3.png	1915-02-19
2b86fbe8e60e0db50c14451facd3e20c.png	1921-04-06
fbfaccb6f747edec5bd2bd55a2f91459.png	1903-04-30
9c5b6a831e36a7240204ba3734917ba1.png	1910-01-13
082440d6664d9ccd36fbe9c6ed506719.png	1887-09-12
046f4a26181ca2c940391dc18220ac25.png	1905-07-25
83ada83c9623f466910a5e4b6bfe4b1d.png	1915-09-24
fb96e5dbac461a3c96420ee441d7441e.png	1912-12-12
863faf631d735339eca2d9188548f2f4.png	1914-05-21
ebff084ce3fd132eb6765b8b42ce3abc.png	1904-04-25
d23b361b5e93f52280b32aaad6774504.png	1920-03-22
743b60647a2a03b1ecbc986042cba9e6.png	1899-09-14
7919c7f5f3f6636a886764e4da93ad69.png	1910-03-11
80c091f9e14af753b9354aaefe9df43f.png	1917-07-31
3387a3b1ee67768b7167a81db52f85d0.png	1914-04-20
992c46091e39cb4f8d5f1c21cf159be2.png	1919-10-14
c8f8ce6bf0bb51e2e3875eaf0478ff73.png	1916-04-22
c3ca0f6273e17a7ccbfd28bbdf7919bf.png	1883-04-12
fc48e18fa90fa62698b94b107c900e91.png	1910-07-13
e7c7d9468072eeeb5de4ed1840a54350.png	1887-12-15
3e5bc1142fff7e8d2efe570c8177fd72.png	1911-01-27
d62f9ccf4009f7a578cb770a0c360a4f.png	1916-03-05
1943cc92cb3b4c91a57e40eb18abe465.png	1906-04-19
fef80a4d2baf8f15dd9eae8cdf5c06ca.png	1918-04-16
674734c05967d087dca85aa50f9ed1b1.png	1915-06-23
e9567601856e09533dff1d333a178e14.png	1920-06-29
3456906dbcdfe2c275c52b592b7fb2d7.png	1908-05-22
44b63313bd9f814d50fea903e04993cd.png	1912-02-28
86a09943548ff5ce0210f5c67f6df65b.png	1909-11-11
f804a1e9f8db3c86fce06b618422c190.png	1916-08-14
152cd3feed766ca9c8704b5cdb99f3e5.png	1910-01-05
1b28f4cce8062bf92437920f4e72c0bd.png	1904-12-02
cdc9eed302a833da927825622431c8d2.png	1917-12-22
6e6fab05184e2d478ed5f847f34b9af7.png	1865-06-09
88efc056d65d8ffbf6cace8f1ce7bb71.png	1914-09-07
2da9e6b0829d5058d5914b12b6f0b1a7.png	1915-12-11
b354ec358736c9399f301ef957199862.png	1905-06-28
8be4b9b428e340fe74e313d802f2f626.png	1920-07-31
8d20a362b21e9c0a7567319104cbaf91.png	1904-01-01
914b9790186529b53ae5ec1431070ded.png	1856-02-29
ea1715c87520e25676a2c8d9f89c2ea2.png	1918-11-15
d8b1b2891c7c8fc4c64f5e8f8d98353d.png	1907-07-16
7bc2e5bbdaa9b1109b377a5325f691c9.png	1910-12-08
a46fab2405d5d1e5ce747efd454b0d5c.png	1900-09-08
e3fa96aa34f101559d722d3d5b6dafb8.png	1906-06-02
03a84095dc6226ebf5c7993f8b3f93b8.png	1906-03-03
efc6809cbc4d331f1b2c718f5805e333.png	1910-10-27
a7d09fedbb484f1a7aa834b18bdadb88.png	1898-10-27
a861bf53677391b4d4ccb411459fa263.png	1910-04-14
c8d84b043791a61c4951e24707d0603a.png	1917-01-31
1dc0e9e26d20b835459d9169e01f5283.png	1920-04-22
0aa46d653d6bdcb72b76427e30400e32.png	1884-08-16
943cd3a56971c3896270bc860ff59c00.png	1909-01-22
fbf1da16beb6ae4ed9e2b74e6c9df53f.png	1919-01-19
c0d8d2471d2c74e5a7479c4596fa04a9.png	1913-02-27
5a26d3372a2f3ae93e84176ef180d931.png	1916-07-21
0299fb555394e046c65be69d37ec1067.png	1911-07-13
2e8552cb990d596119421fcb18a0e55b.png	1920-04-19
755bc9bd453086a86b0a899641a3b94a.png	1921-09-26
bc169ab29423a48a132570e6411b5843.png	1909-09-01
bf8f4247475b53d5833e0d01b4040d8b.png	1904-09-16
c797ffc581ca5d5e0423c1c969b4e03b.png	1889-06-06
515a15bdec7e90951a64841e8ce8bd13.png	1900-09-14
315b7b8f08b22123bb835f5daa9d1d62.png	1884-04-18
b6a5854c0eb6acba7e8793961625c485.png	1899-01-13
b0002e620e3e1ccf34f79e82ea3ffc2a.png	1912-10-25
7b0f924707590ef021056eb397d7ee58.png	1917-10-27
d874ebbf3afbf71e0bb5f4198fd313d7.png	1919-05-20
e91b76119998626c4597181002f5b458.png	1920-08-30
ce60fbda3827a0e36cb2bbdad6347010.png	1921-10-27
784d350992891293fab7981e8e8aa88c.png	1918-05-08
f6a6288bb8c1e777e93bb26bfa0c7948.png	1921-06-24
347bac1fd1eba908199eaebc4ecab324.png	1922-10-07
4bc985c1240a2b490f7f29751a02d909.png	1905-06-29
76506372bd37ddde6c970b909bd46512.png	1904-01-07
1adbc66f78e1538dffbf19dd47fa4035.png	1910-04-14
fd54b2f68dbe511ca21227a980efba82.png	1862-12-27
83f0c8205698e92012e261d1064c7f8f.png	1913-04-01
e6aeb075b9a42bd5aeacbd2a2ed3904c.png	1902-03-25
d67118a894981b183ed011c0fa3012da.png	1905-03-04
a6883fcd4674129d67bf236bf8b136f3.png	1912-03-21
9b28abeb6c053437179ba4e286079079.png	1902-02-11
d2f9ebb4b76fc0e75fb2629758f44159.png	1899-05-18
5a204732105f01e06bb8861bc1bafd4a.png	1915-04-07
f8064ddbf61c0b8d48f32325525533da.png	1900-03-31
969ba4faec7e6f655fbb62b5bd01ae09.png	1902-09-10
76c7de5042af82ea03e206106690f4fa.png	1917-05-01
00b6eff5f60a60664f96bd2d16b467c5.png	1899-11-01
b6ab54732226c94277665a48daa9b754.png	1888-08-11
7f3a4be949be957b3acab7c958e7d583.png	1900-11-17
2390278598c3aea630d7a46178cacbe4.png	1916-11-03
c9e94a2c5f2b60625a9960e3bd85a32d.png	1910-10-13
66c2487e892b48567d4a896e8134af7b.png	1889-10-05
6b0026e16550fa9ca1b428a221c7ec30.png	1898-06-15
cd75755c2d77187ed196a02fb8d2933f.png	1885-12-10
4e69541ca5c80b0c69add7d24f22a976.png	1916-10-22
d32bc39055a0756d10eef10f3895b4a0.png	1901-03-13
2a7b65a9c0803a5fdb0c62b460d1dd33.png	1920-01-05
7e4ec67e6ddb5fa7e30efa0f09c66569.png	1891-03-13
cc7b4759caec0a05fdc63423d632780e.png	1899-06-28
b183a3046d93f8db4a40a1d4b312b238.png	1909-08-30
ba3ac056409bb28c2c9455f7b6d95ef0.png	1910-04-30
395710c10bef8096e2984ead1ed23d39.png	1910-12-05
5af28af69a7931852a3c6fc850f55fca.png	1911-05-11
e0e88fd6c37ee671420608772a4252d0.png	1861-04-12
613404e7649166541df57187f0856c18.png	1906-09-05
45868d0797a403ef1c283bd4718b8b34.png	1899-06-01
99521cf144e4eb43ae74d126228716cb.png	1915-11-30
22196c5c43d0343f929ea51dd25debc3.png	1922-04-25
638fd54ee47aabc67a9889827a1e9487.png	1921-10-02
c0dad39b388d38fbd3ba0ec5467033e8.png	1897-09-17
0ac47d3a9b0b1012914702ab9f83b64d.png	1914-03-18
eb0931e5603114c388ba007a0156b447.png	1911-07-28
1c1814c998ee8d3b466217237625a9bb.png	1863-05-08
830cef302ea6dc59cef1d4436548730b.png	1917-06-28
16c994991ff41e67e049ba66154be2bd.png	1899-08-11
a1de6265386525c14b21bd1476a53336.png	1903-04-15
d4224535c87fea61b22da84b5213da66.png	1909-02-25
6111e4e4a565479b4391791262578d53.png	1911-05-31
e5f13023f9cf8260937a38db14cb42ce.png	1918-05-02
62b2985b6827b2df3825aab6d7690b70.png	1918-02-15
f6b0a25e9dd0ff6c7db8db6471b39cda.png	1915-11-13
610abc9bca54c144b3ca4a8c136d7a9e.png	1913-12-15
d8bdf0c0f38346f1f1c007f6aaa9d3c8.png	1885-01-22
417de796bd3c1b3558c485ddba22bf81.png	1907-01-12
09a1e100ea5e6c6866b0e21e43323ccc.png	1900-08-02
4428c5c2c7484468614a74ef3b1f5ee4.png	1905-03-18
9636077dd440b122d0f68c8c04cb757c.png	1908-07-17
e98886f677e9ac440c9266780c92416e.png	1917-12-01
aace13fd28c13c24441afc9fc9653c10.png	1922-08-15
bc0df8cc4247f7f8a9183813480c9651.png	1898-01-05
42756fa15e9886733f95cffc8fe32d4d.png	1903-07-01
2b2e4ef450eb8793f3588fde891f4590.png	1919-12-27
bd325c578bb4d958fbb29dbca8203c60.png	1909-12-07
b3ef313d44d4bf061dda876078f3274e.png	1884-10-24
b98b630e146007c3ec0ed9c405503a69.png	1918-12-12
ca74762c9327546a05cea10a8e751307.png	1919-05-24
8c38a9f2a2309dada2e5087ccfb0c291.png	1897-11-18
af84a0dd72a7662c8e76e01acc28c643.png	1898-10-16
38c0ae85e4e04fc5a7bc84a63a8d252f.png	1900-12-04
15b9fc4bd79abb577fc97313b09b23a6.png	1898-10-28
be4342db7de92ba3cf5ff64e4071f05c.png	1917-10-15
a50d892de8b7b69919195c4786afe6ee.png	1897-11-11
0b309a9db0973d4ce773791db68769f3.png	1898-12-02
b637a855a84f033ef60fa9778fd59c25.png	1912-07-21
ea8e1215e65ee33f7f7bbc601e4d5572.png	1886-06-16
e32b92fe8cd89a68ec3ddbbb46e5ba4e.png	1892-04-28
dcb397d2d138761c6bdbaee95e62502f.png	1917-07-16
b49496f9cf6695c913d7dd592b2a7501.png	1905-08-02
d39ed305e8125223d0a7f60f8fab354e.png	1922-07-03
7c1e854330e0c89ba908860ea6494af6.png	1914-12-07
20e29be60846789ad56266d97f1d76e1.png	1899-12-14
7d9d0936073be44fc42f90d33deb8ea6.png	1900-12-08
b3695aae38ffaf7c2d366d061606a1e7.png	1898-05-11
32b78d33452ed0e3445441e139bf0390.png	1913-07-19
00bb7dd6d4edd291baf2429a668c1c5b.png	1905-04-26
d480e2b9b8d6b188e4101aa08039508c.png	1897-03-16
14f98407c7c156661158ca1c655ca6ff.png	1886-06-28
f665cf84c80f34f896798052d5cf19d2.png	1884-05-31
ace6fca1e0c25e95afa6b53f6db79c56.png	1907-12-17
e26295a10962d025609a2ddbcbd82e0b.png	1907-07-30
cfca139b7e6823fa40e5129e7376a35a.png	1899-08-23
00abae50fe64134a975f59e6bd59d516.png	1902-02-28
8f827bc4b95f38afa4ad10e05ce4e31e.png	1865-03-14
89c0f1809a9cb330380dbb221f16140c.png	1903-06-01
2886c7d8127602ff5f655d7db93dfe0d.png	1914-09-27
10e0f3a1ae8a11c33a020603cd8ebb2f.png	1908-10-08
4a90f1874863b0fbdf140ac9958bceae.png	1917-04-12
b416a1439ff97a0706df05369ec3547d.png	1920-10-05
b54fa537f44796be8ddadc7fb6f8b5a0.png	1907-05-17
e96d74a78c14c91931ea9764930f89cf.png	1910-03-18
d7a634978a38825b47c7d99633b19f51.png	1891-10-01
41cedef35d281d53b89f4ff8cc663268.png	1922-03-30
320607837eaf21f69cd16e77fefee2bc.png	1892-10-20
d64da0c0885cea329b9389fc1b5723e9.png	1921-10-25
61b5739021e4099537c02a4290188b15.png	1898-10-06
0df0277898ee4a299e3510310d9df125.png	1911-09-28
7ab6c23025759e3be012b97c8e89a39f.png	1910-07-20
691ab3d8315c6800f89acfeb7f78c4ad.png	1901-10-12
6633beb9c8165fc295f621c77f6418db.png	1886-02-25
710baea0b9bcd205d6053dbee441f93b.png	1903-04-02
30938f984ea21254dc1f36535b441156.png	1897-11-04
56a4392219294f5b23cd8f5ec2d01b6e.png	1899-02-18
ffc8f6f6b1e5648d577b489f51e18607.png	1912-11-30
790f7556578b9d7424f28ba981eb2d73.png	1899-08-16
b0088a1f1ca6e46e18184e6bb79f2080.png	1921-02-02
f853808210d9ceadba7580faa615ebd3.png	1919-09-17
d44432dc90a623a1a474301762a0323e.png	1914-08-21
2a191ddab071fef0f0a4e6bee38d2939.png	1897-09-01
b76890d1b980eca13e126cc4dfdde273.png	1903-03-14
ec8f7f0d4da5a43f3d7b069254a33f49.png	1897-04-10
f18abfc384ba8242c9e44308edde9c91.png	1893-04-08
3f077a7eff76c58156cd129d9215ac54.png	1887-03-03
392ad205ae2107d85182337c384d83f6.png	1903-08-13
cb929d6941867c2aea2fda3bcf7c9941.png	1864-01-06
d7610d0e24377987db672b2a9d1d5ccd.png	1904-01-07
f6ff0b897911d4612116be5688237a64.png	1900-05-17
ad325ada07df5df296fc63934148c272.png	1900-04-01
5f9134e6d114b3c7c110b735637cf8f0.png	1896-07-25
a22e0b3c22c7ae10babe68636c65ab8f.png	1887-09-09
0166f4dd53d9ad3f4b478ddda4459fa0.png	1898-12-15
17071bca1c496ff4235855c17f12e513.png	1917-02-07
7e94717f94de905b261a70aeefb683a6.png	1902-09-05
93c001aa36210326c58ffc121c978cff.png	1919-05-19
8a16fb576d0336a5393246c2764afa99.png	1906-01-22
a32198376587e3ef5d7e068db988e991.png	1909-05-14
c42830c72d5e2540bc1be778ff60de67.png	1909-06-29
c495c6129b391088ba94421aef6fce54.png	1912-09-03
9768e9d30c51c5a8902207701933da4d.png	1900-04-25
5f7feadc12cea254a8c03e64dbb3174b.png	1901-03-20
ee76289cac212502768c87a350640875.png	1917-08-20
be27177032daf16145ee80c28a49d062.png	1892-11-17
1a74ca5de74d468f9936a23559ae6688.png	1882-12-20
eda8752a01b05280a6392d468a782d70.png	1899-06-23
431e7710ff01d8be9c116a6eddeaf68a.png	1910-09-15
8c6813b6a8250de52f6003458f12a66c.png	1910-03-15
bdd33625feef91c0cbca63da6651a5d7.png	1909-07-02
08dcbf5711d66f77be8d643b3cec4460.png	1898-02-03
6da6a095e4e485fe79025a0de4f80347.png	1912-07-24
8afe8d6c01e896b4ac23e07be6e1d4d6.png	1904-07-30
5f703ceaa33c7c610e74bbd2a630b245.png	1908-09-25
e4a28e7319e68992aa0ef676e6ee50c1.png	1900-08-22
3077a8099206b5c21c72fc23a48dfdc8.png	1880-07-30
435fff2e3fbb27f0c66e9b3895290c7a.png	1904-04-12
1fc8d59f919bb8f99e712dde71af10d1.png	1913-03-20
3ce916f3cae06738b42a335835c938da.png	1884-07-31
8899d98270f7326434de5766fea1fe2c.png	1912-07-20
e66bd64c773ce9b916f2e07ade17cd3b.png	1895-07-02
0996944a7e5dd490d2c6e058234a040d.png	1901-11-28
eadfb95a06fa9e0dd3f444800d3ff016.png	1903-08-24
c9539cdc675db253d3bcde7411ff6884.png	1904-08-31
f812571f1dd891762b5b8f401876d2df.png	1910-09-15
1a15d6eba6b1b6019956fd117bfbdf69.png	1921-12-01
b73d0b6e6c1c4eac1da58e8c6c637258.png	1899-12-22
7604a3f048fbd7e56f2b4ed033c6dad3.png	1904-08-13
693d7581f310883f7813d49a8f1edcf2.png	1898-01-27
8e578aa7540b108240006e0c8b89fe0b.png	1914-05-22
2b239224823bb9bb9598fa1b45815c06.png	1905-09-09
ebfd5d3d680173485b6afe0aa0ea318a.png	1897-04-16
a4a03d4b2cc1d4d507a2543e6e1af6de.png	1913-08-12
1610085891235744a14c760c64b68e5e.png	1912-06-01
221d9525e5c38fbb6b91355c6ea4fe78.png	1914-05-22
4f3bd61ef99084df980c8e069da77210.png	1886-06-13
74a938c6530926a72bc7ba724872fabc.png	1898-01-05
475d19c2d4015c3d8b30bb4d7e6cd424.png	1916-03-30
4dac8bd640f92519db0cee50c0ad237c.png	1897-07-09
d8dc73e0be0b2acb25d4e7097c4611eb.png	1911-09-19
fa5ef05f52390b378e19b241ea836571.png	1901-06-14
6f38e07fa70c1f1e9d432bc91216ecf9.png	1901-06-08
36165509b4d816f5f248a2c268f76f41.png	1890-02-27
6e01d107a4493f577fa5b002496ea267.png	1907-11-15
139e60a43bffd7c5c28f107877de87e8.png	1899-12-27
4e164a3a2088383a308a272a1847715a.png	1900-01-18
59c2dc7515367caccd3e81c13e52db1b.png	1906-03-17
5090867c479a6f30078cec22200e6fa8.png	1889-08-09
072dcaa4a588acf19148f78ab511eec9.png	1899-01-08
9dbbb8d1478448ed6a7dceb13e6bef9e.png	1904-10-14
98dce933d48bed5b22e3b8ecce01a4e4.png	1921-09-30
49baa104939d04885f3ca6c71172ac82.png	1902-12-19
6134a85c7d05371b4ad2a37b3f229db3.png	1915-01-05
5a7f2ccbf899de67a7900d5e0947fc8b.png	1866-11-02
1897997b2b7e8dba3043743b58947fce.png	1899-05-02
743bea80f3e09540e9b4ad94cd13e49a.png	1886-09-24
ba48a3e8c5d1578484d914627a23c49d.png	1918-01-02
bce0c32e086fa525f5a2f7f07955e399.png	1910-08-09
fbe41d8c38693fa0aced783d1d93dd67.png	1882-11-23
c7561f9ef8dc899ad004b2bc97c85878.png	1909-11-16
61c8de57a4982877161a0898b0749846.png	1895-04-13
09d8eec379e6dd149a11f0cc0125dc44.png	1914-11-21
34357b04b616340bde9d8bf55ff20539.png	1888-06-12
8ff2253f1643a2b65bc1972f110b0bca.png	1890-12-04
be98079e32c6811a590ec14c378be8a7.png	1902-04-12
5b88ed2d4dbf052299e4a3b4858f1f03.png	1900-03-19
ad0dcfa635d4e2059201ef05eafda135.png	1888-12-27
b03b35937c54eda6949d79d13106d33e.png	1889-08-07
fb055ae5d4d09c1c9d1f7f4462ca33b9.png	1897-11-11
4611009c2ad3eca00edfca482e77eb70.png	1900-06-16
42a160ee28fff10b36f7cd048dbed76e.png	1911-07-14
9f79e77cb51f0a42183a3e02666c877a.png	1906-04-29
2f1e88c3bca4f8ab6d34d8f5a777c902.png	1917-08-22
8758f977b3281fb1b7112d69d95257ab.png	1900-09-12
54e0e4b02693037a3aad3f7eb80d5cf4.png	1865-02-10
be8679c212e0ddd8f2ca23335c9c73a1.png	1898-12-23
40768f1a1509db3ce23beec1947eb275.png	1887-11-10
b714ea842f17038a28a9c169b4a42863.png	1916-09-18
86b940834cc8be7574ebde8abf7fd571.png	1921-09-24
61013c692c1e5656651b67613203b3d7.png	1911-01-11
e8b2bddd98c4e283b8cd737a3cbedefd.png	1887-11-24
c0c63bac0d235a294cdc1bfbd216357f.png	1892-09-23
2500bc069c64275ddccd8bdc4bfd1a8b.png	1856-04-18
95b80a31d070eb0e1d380f347cae4a88.png	1913-02-24
8021467c1c0f946038fd2935fb069d86.png	1895-05-27
5e2c9ddc9a60f14430664e6e7fe4b9c3.png	1901-10-30
56d16ebb6fd4d3e4c8d6824eeb642f27.png	1909-01-20
d37d9b930339b4c33d27aa60453da083.png	1903-08-04
7ae9e6f5b6bce18449f2804e759075c2.png	1905-12-12
88c505a9af7b921d4e347d2a6e5196d0.png	1919-05-02
241769c509797f2b534a2ecdd65237b1.png	1905-01-14
58db2729d40aa198861a147dc79130fa.png	1912-05-06
4f2af05047fd2ae23bcbd4c6aa4b9298.png	1900-02-03
5201343cd951ff2f105c5e9d924cc9e2.png	1914-10-26
2f9d56a25f4001753e52bffa7b29455e.png	1863-06-24
9f9788be21520bd718e8786212e5823e.png	1905-10-28
a855241c3f07ad79e5d155459fd145c1.png	1904-12-29
5eafeae8b5a805c353b9a88994491d29.png	1887-04-05
58b0c84cf3ba4fd810ddc9334a16cbcf.png	1901-06-27
c950494ac67317c5a2149ef42c48a837.png	1920-03-15
c439321c3d3963b0843e37063ce36b24.png	1911-08-08
a0829b594e7e17b0458faef7ba6cf147.png	1909-07-28
eba621f823d798ad8eb168b56a4cd2a8.png	1914-06-14
31d6094e053459595b253a3a1fe0d457.png	1903-01-17
88f56412da451a2ac6f91f99c12b870a.png	1889-11-21
08d499adc21ee148e8c0a7daa70d0488.png	1919-03-05
5716b68c3c5b2bf9711bd576192d9701.png	1912-08-05
ff393d8444ea5e343d10d4ca50cf8cb9.png	1864-02-10
354d3ad1b0470d83f5f75c1bd20915b0.png	1898-01-11
c7d1172dbd7132b4afa83e36ac63be27.png	1904-01-11
bbbfeaa3508a1d4a676ef319efe26a13.png	1911-09-05
e68c13cb31bae8708328f18ee676a7ae.png	1913-08-09
e128b4c9a6bbd81f4e87911a66174d18.png	1899-10-06
b5c034eb08ad1e982a90dd1e30c5c398.png	1901-04-19
6bd4c5dae0889c7945fc03445b515336.png	1914-05-25
8d90ce06c3dd0b504e551d05893a6114.png	1917-08-14
2b5f78261ed336e3719768f397dd17fb.png	1917-01-06
783155d3422b36b6072f357ddce53c75.png	1897-09-02
e45feb6fce5a3bc56c68c60db6c4e9e0.png	1911-08-31
e1d2b76c2dc344b090e59aa94ae61001.png	1919-05-22
ebdfaedd922c7e8e5b3cece7d7401b77.png	1920-03-31
a317f1667f0aeb90e0aec266aee83d8c.png	1909-10-26
e9ea1a2cf35602801e53c81aa2e81310.png	1907-01-09
8533a4295622cb1f3441beb8ac41f81b.png	1917-04-17
b15802d13c656c6674ea5b17c6080f01.png	1917-07-26
702ac98f59ddb87f81f7d104902b0e9c.png	1921-08-07
3689bc2ab74c75bc7c481679661f319d.png	1897-09-29
e2d79d75234f13c0cb9e912260fa9d8e.png	1900-06-06
922ef4a99830602b99868ef7fc91b6a3.png	1902-12-05
2d20ce5c0db6fcb66be4542460940ef3.png	1890-01-28
4740e35dd4a53b718d413a9be8cd381c.png	1900-10-02
ce309dd88ced6c9d19698cf1be9c2442.png	1921-09-06
694e9bff66539e7d5a05c1db0e98d517.png	1909-07-18
38f146f0b5f41281a48b69395976435f.png	1897-10-12
946bda1a74e0039eb6b0a291265e545f.png	1916-03-20
bd24c32a9c0014da9d32351a9d9ecfd5.png	1891-11-25
c122d6b4b4f2c0be4ce913c0cf1316b3.png	1899-06-22
605b4437f8c6f5c064b77e4f2f102cd6.png	1904-12-07
ea47980549d11107a18aa57fdb39aef0.png	1917-06-19
b5d6bfdb54eaf03703378bbb1d98b32f.png	1903-10-14
f94bc7d208704486e2e96b501968aa5e.png	1905-12-27
91a490513e4bdde28e5c3724a41ead14.png	1905-12-14
bbcc6cc00a9918c9b98aac737252a89e.png	1898-02-16
f2c8b90fedad1a7343706bdc28332e00.png	1911-06-24
8a924bb2c55e66de6236edddf5b242c2.png	1911-01-26
d103855c4fe3b9385f2759da053fddb9.png	1922-05-12
1d107161eda9522e850d45e32c7cd51a.png	1898-01-14
2db92e4c64c2cbd92e72c20af43247ef.png	1919-09-24
d71fc6e9b41fd3c7e8f084acd61f8516.png	1911-09-16
9f0a72882149993692681a869b2e2fb2.png	1911-01-10
399463f37eca8df45d37cce703f5bd5a.png	1918-01-19
f9f197971bd3995241b7018edb019eca.png	1905-09-19
981f9585ed4db47c22de4133e206c627.png	1917-07-12
2bb7eefb5197133d6bee56ea884830ac.png	1903-09-24
504237d3cf60d72cb9f0c13a4efffad4.png	1905-02-01
496418d0b5d2f9e440b4c1cc55e71f1b.png	1906-11-03
eddef4f9966a8cf8019385f7da8896d9.png	1890-05-31
ccc2ad1d6480a377b0723f725a2870c1.png	1898-12-14
79e34ca80d791d8d8e8e69c7e20fc952.png	1882-05-20
ea6b13775e85e57e2bfac2922e1731fb.png	1908-03-22
772568feed3a8e81552da7cc89ab3d38.png	1913-05-08
fcbfc552f169c1d33e752e5aa5d8aa78.png	1908-07-24
dab3079db1f131a76addfaf0ed47657c.png	1901-05-16
95817a0b0f5d0f104b775708bf12fe12.png	1883-12-20
c147dc37b86c5012981ddb1290380ed2.png	1907-10-08
81e4a2d15363f163c366dc49a52314d7.png	1920-04-10
ab86242127722edc0dbec4e62bf06a52.png	1918-01-26
6244ebc4ef81d72f50890d7dfa1a9937.png	1895-05-25
7ea60ebe878255ba8f5c7cd730598745.png	1882-10-21
e935f70194d5d0846569b41f01a06b01.png	1919-01-29
f808d67206757644acb76a0baf608fcb.png	1888-10-20
41351da6ee8b3a61c57bf36fbb701f78.png	1857-03-06
2cacac5a7a68478c7702b52d920ba9f8.png	1885-12-27
c955d735807973862eb374a57147eb2c.png	1907-01-15
de78875fd4db036624340ae69be8f888.png	1904-12-18
643f078a2efbe34821b20e5cde9db889.png	1899-12-08
bda80923033dd684a56bd98870b113d8.png	1896-07-08
e4ddb6f264d77290002f4671886c7ac2.png	1896-01-31
016f5f6eef8326d72a7b2becffb35008.png	1905-12-18
b843f04337d754f88b28b02449302582.png	1883-10-20
f711f06db9d7af1049346541f7542d35.png	1907-05-23
663c2aaa8a08bb8ac7beddbecd76f99f.png	1911-07-21
5a925eb9c6e5d796c0d4cb5d695122ba.png	1904-03-05
c47e49a52715e22eaf5e902648c6a44e.png	1905-01-14
35e714a8ad94f210ccbf4ce7cc63d0ca.png	1862-07-30
f55dbb58d53d60ffbc0b06ff485bceab.png	1909-01-12
5829cce4bad11e4ed336cec4b82403ea.png	1888-08-30
bec5b5117e08323c353265f438a3ec71.png	1909-12-03
365d3e397009dd25c2e22bcc8bb1fba8.png	1910-05-07
2e6d501b0c0cf559fc53ab91749f02ff.png	1904-10-25
4a08c440cbae92db9887b43f2ce7da92.png	1898-01-25
b7c437af1dac4a7c238647502b4f19d1.png	1900-08-06
80b20b546c41b39ecda9f454e89bbcc4.png	1914-11-23
244c03f555acf128e4d32f98b38ff025.png	1921-12-06
c345341697830010ab2a608f168a18a6.png	1898-07-01
9355fdf2a4ff562aa031ad66e01ec751.png	1911-07-22
a76989a02ad648e79978688190295bec.png	1911-01-17
b4c224d8d57713408f29aba9ecaf23fc.png	1916-05-29
83584d5fcf5b5b482b76c6c1c270c3fe.png	1897-09-02
0b23810eec02a7e67d4da77bab73ca63.png	1916-07-12
053ffc80a6f41b18297f631b142be2f2.png	1903-03-06
ac06f6056149cd11154cd8acf944e431.png	1907-12-21
49cdfc1578728f76e20b5eae08beeafc.png	1916-04-27
351797e23e6063ca347e7ac995f17a6a.png	1914-04-01
7c602cc85934af882f13c0cb8b450de0.png	1898-10-13
8d372465130d1e072f556d33a14084b9.png	1879-09-05
7cbfd53da03c14f224e6f346e2d074a6.png	1914-08-01
1a9d3aa39e0fa702fc1ffc7659f2fabf.png	1908-07-16
ca30c6f44e6438322e2c3e2bb2af5009.png	1911-05-30
7dbe0a2ba1621bea1e575a158a9397e4.png	1911-05-04
96d888552864d4c9d14b5631e55019fa.png	1908-09-05
8dcfbadf27b59bb6a0e883b551af07b1.png	1904-01-25
10fa4cc3afc4e6211d7ce93424561027.png	1905-03-09
f484f0983b5eaa342ee87b39e6b0c7de.png	1887-11-07
3514e27c9de71aa940075a8c144f93bd.png	1907-11-19
bc63da48738621434c77866a6238e399.png	1909-12-25
7c9917a9088a693bd2cc1a7f4c355804.png	1891-10-21
da7bf26c9043a967f1c0daeba755046d.png	1860-10-06
fdd248fd8a50f8cd2372ec3726bb0be1.png	1905-06-03
9b09302e4cac512bac4fbffd9fad0fb5.png	1905-04-12
a55ce36632ff628d89465dcac4e7fd2e.png	1903-03-26
1fd894c65a24a640f747e9cfe9fe8302.png	1903-12-09
ff8907069cadd3e41b3bf0c3683895a4.png	1909-09-04
83b393b98916cc3ae5329314d6613586.png	1914-01-14
7b62f1181cfaabb395352a4b6662b52c.png	1895-11-16
3270b878b0d8c0b25540d7c50c972f75.png	1900-05-31
78db218663dfda4e6d06e6f97a6008a3.png	1913-08-29
95ccf8d13a79f6f3916b1b3a71a2a66b.png	1920-10-07
46c154fa21cffecb401d56fc95d1a2f9.png	1911-02-24
23bbd2fa3eb282428d9e8086d4a0a50e.png	1910-09-13
83e38f243eacb6ab2bbf7e06fd89c2e2.png	1905-07-20
ca159068c425f4e3b1ca8e008db8f794.png	1919-02-26
b50155296c53636bde48a4bb2c40896d.png	1902-09-22
589ee79addfbc50667d71b993f9d21a1.png	1899-05-03
54b357319c7096d1c8f7722dca3dd7c3.png	1863-05-27
b5ba4ffff38ac9d613f6a2bcfe9dac84.png	1922-01-12
591f4c34e2bc6ef62cc99e2d1c797dea.png	1901-07-11
b9c8a7d882b6bc4f06f513bf9bef6b1b.png	1904-09-06
9f825f81d101144bbd37f57d1d8476aa.png	1910-01-21
d57986ff1729bfc754178b02f2beb116.png	1919-05-23
061d5bec4ac257ebc309e96c79f7296c.png	1899-01-19
d9a28af95147dc8cc69417ed5576c6c7.png	1900-02-21
da6fedb3ac3ebdc4db27eeffa97a808e.png	1900-12-11
47a7d963c1a2854344498c46c6d46dac.png	1909-05-18
6026dfdef49dfdfa946cff1ebd5de718.png	1911-04-20
314484998640abe65fea45aed895cf29.png	1897-01-11
795e57f034e1b84a59fa8e240bf19a07.png	1911-01-29
af86624b5b744f221dd88d2168a0f334.png	1908-07-09
f540095778e5edaf61cd221ebd710dfb.png	1901-02-15
9fe2f9924231aa0a9eb8bfdb42eb2f8f.png	1894-07-14
b5542463702f5e70433cd3a62ccaf030.png	1864-07-28
57545a8b40b241d065d93a4cddf29a31.png	1887-08-25
51cb1bc28a93942d0c94e657bfa4112c.png	1903-01-10
f7e49f98a7c8e65babb6d34873deb5a8.png	1909-12-21
432f25793b2db50b14c5829fc473c3a8.png	1910-07-19
a7e7deacf064e2c16a907a1f58703b4f.png	1891-04-09
c963d6c9b87f64980b814e7a6e84c22c.png	1891-02-06
c8f17de796e10310f0b1221ab0a7e64d.png	1913-11-29
c8c92331065082bd2a3a65387975cb92.png	1912-03-21
083000a07778ce66ef67609f41c4fdb9.png	1920-01-01
bccce8da4f3d92f8d204a480a83c7f1f.png	1899-04-27
395cb9cd5ef658394de32b13fa0deee6.png	1911-03-25
256791520a68445d347668ee90cbd3f6.png	1901-05-02
8218f41876135374f464630ba4356f02.png	1863-01-12
d9832563464185d7873095d1eae102fd.png	1914-07-26
3d124a0711827d5ac804b88ac810799a.png	1891-06-25
f9753f0542784ab8811f8bba9cc712f4.png	1892-09-24
fce894367b628a1eea16177d8dfafa19.png	1878-03-16
a7b927e74deea73d7e106124aee9f889.png	1900-05-03
0fb4357de098d8da7bdbf48c37e03907.png	1915-06-07
e452c655bb43f5777f17b23f5085e99b.png	1899-04-22
f163ca1b27fce2f455aef7bf03b73bf7.png	1912-04-20
2c48c4c4df329c2482d3b394d789d154.png	1903-02-20
66ff28545781f4051b5e4b2219edc9c2.png	1914-05-01
c3f2566b062045e8f0fb95ea8ca7e72d.png	1899-12-07
da30c3ae0d8f3d31d45f1b7fec43259b.png	1907-10-17
60e22ada6e4fe7178e3223edda972521.png	1911-08-30
0fa301897ebff522878902e67e1ccee7.png	1911-11-01
b10270b3329bdae18f14a22f95f5e08d.png	1864-08-27
8bd36e317f92cad3ccd6bf5c43063cd4.png	1917-06-15
b18553ec1f49e7ac45f7a24ba85a3557.png	1884-05-15
dd09475bbfdd8f512040d6bd50d3b9bd.png	1891-05-28
2b7449f99a9d8211e73548d760cf55f8.png	1904-06-09
35321fe8fadbafdefe592157247407e4.png	1920-03-13
8f1877ff0d0936819d8bdfca0eb09c52.png	1887-11-14
12c4ff24266fd4b2b8c2bc0ebce8708a.png	1904-12-08
cc1b421165d34e0ffb20a1d741bb240f.png	1911-04-07
93163c5e2dfaa0cb9ead50ddf5ddc9e5.png	1897-09-15
0e435e76d2ffc351e2d4a34f3f54aa44.png	1917-02-16
889c873e868083734ef58259bfc9a8fe.png	1912-04-24
b05e26ee9069c26b163469b2d443fcbb.png	1921-04-26
e4e4fcf456c03a3375543a85a2a4dabe.png	1904-07-09
b1ed9db25162498386cefb54a2eea72e.png	1912-01-04
e32f247233993450e00866cddd6e2e07.png	1877-06-30
3c3702e2b21ebcc82e88bc82a791eb4e.png	1886-05-06
4bd9a36ccc25f925b42d723c11013c9a.png	1897-05-28
381d2b75c448a05002af7317fe3ede09.png	1920-04-30
724a86702e646ef6fae360facac6c6de.png	1887-08-31
e7db08058c60149ce1f8c5b539f6e707.png	1915-04-24
178020cfa86a9494f95e9e3a7861e1e4.png	1881-08-04
f34bd192c3d4e5db61ded993179fcc79.png	1888-04-28
4ed4d9d2e130edaf42b3fab7f75b9b53.png	1912-10-02
97c3740fb03cb1714696268747702dbb.png	1889-08-09
80145ef0d9c733104a05af44ed962426.png	1918-03-29
d1715e48140139c6b0d4dd8e7c231cc2.png	1899-08-11
718ce62e220405f8369c9876d22de058.png	1886-08-18
d45a4736801a6536521f33a598e88363.png	1898-11-24
a5aeba7398e3da41b0532070f41cff08.png	1917-03-28
ebe4dfbe3e4af775573efecb31578a30.png	1897-04-20
71422cf49d886a21192dd38954728e5b.png	1907-10-18
5d561d01a03d92659a2241bb995dca1c.png	1900-11-22
27a826a803d8534dfdb3b23da53c47b4.png	1917-04-30
f8706511e7d6031dfe7e809acff2ea13.png	1901-02-15
726d9082d6cfc562063280bfa4deb43f.png	1904-03-03
75ccd2b790bf81d804d25c7b7b6d6628.png	1913-09-11
2e7083dea85c7cb773727b545e646619.png	1911-09-21
a1f258a3194333a43a7afabbc67df1a0.png	1899-05-26
2756d4d7e01f464da28d9f0d33aff845.png	1884-05-24
c907172d262998e57dbd685ae059cb72.png	1908-10-31
9e371fc537477f09d1293cde5539024a.png	1898-06-24
6f5c7b3c659b414c2f969c44d65ed42f.png	1896-04-23
ec02c133fdf6477ed22eb1d0fc850ec7.png	1908-06-02
202cd002650b2c8a65d6903a56717ff7.png	1899-07-21
873c99f293c4b1d4fe415441f373559f.png	1899-11-07
5e5d35a0f56ac0afcede62a22d765afe.png	1889-08-31
f06ceb349b1ad7c0c3fe188fd2a0d679.png	1900-05-04
8548bb2888f8928db2f7298b60a0478d.png	1883-11-01
8888a1d648e2ab89f8d210b97973d54e.png	1914-10-10
f476f30dd4cb7891f813cf5acfcf6ea8.png	1897-10-28
4eb1ec5b9bab06cba5d10072d40657b5.png	1889-09-20
7152e784f8a6c6f0b3e400499b7612af.png	1920-01-31
d023116aa39c31ad21fad8f6da9f8654.png	1903-05-23
3fe3b4b4bcc25c0dd9ce04f3a8a1e3b8.png	1884-10-30
f25f720da0ef7538d2bb5a14137fc964.png	1899-11-09
17a3498a2ce9484711cb90fa55890b85.png	1896-05-19
39e13116cc408cb6b48615bb1e6c7f18.png	1903-03-29
7e9609459aceef339d13d4f952d2919a.png	1854-09-08
8835dcb445f40675969106ffe585fabd.png	1915-01-26
e88d651c0bebfc04f15bf8ef2ff5f1a2.png	1909-09-30
716d7528b25f80061a76e51e992f8ae3.png	1889-07-27
909f4c3deb805ec5752d5958926a617b.png	1915-05-08
212df4410faa74ee0cbfb7dbde5a7f76.png	1913-04-05
aaa1f0ac964f0fd3a3cc582dfc61aa5f.png	1914-07-06
48ee78d09d61efaa3d8c0545420ad2df.png	1898-10-06
26bdd53585558a415f3801f31b9a4672.png	1900-12-28
66c088a69c49b9b5786b2fd73c84350a.png	1912-01-05
16492cea234187c266ba0e08d1fed7c5.png	1905-10-21
a2ab6bb93cac2a3f68a4d9967759131f.png	1907-04-09
8c2dc509c66a864003c656b95ce2b9af.png	1904-06-12
9ec5898a54070770a0ee6849ba9d8611.png	1913-01-28
77656c6b4b1eb5c2812216392639d2fd.png	1907-03-22
aa38a8054f220da3d40ef7669508708b.png	1912-08-01
a059b424d225cae65508f8a1217c90b9.png	1897-06-17
eebdf0ce8537ed77c3d14a353e58224f.png	1893-10-05
135ce8680c273756952cdf94d9221e86.png	1885-03-12
df6552af2ad316843f7b44bb3b58f749.png	1888-05-05
0562ff67dc6df30c8e5942ca9b6f9399.png	1884-02-28
5da0674b1b2aafb19720e2a3da04f0ad.png	1901-02-01
e54118354c8a582dae3d6d626184ca26.png	1908-06-12
110d724e24aa1d702fbb05290cd82116.png	1900-10-27
bf916e7150eed155a95564edb3fc58ba.png	1898-06-09
7d3403363a7a0348fd5169d2b41e4495.png	1899-03-16
f4c8891fc3db7460652aa4297f836641.png	1910-04-16
c2db4fd6097adc9c06fc93c766094328.png	1907-05-16
939d44e78df39103c9938154e976e493.png	1894-11-23
feac47a00ffd5e3c3e6d1e1177884262.png	1900-03-22
e9c2654fac8227ecd1e474180bb20809.png	1897-07-23
362d0f9fd4854007cf678ae81c8db277.png	1897-01-18
e9e591d2f973acef6c1475f2e9c41eb9.png	1919-10-29
0786981339e41d5670dc6eaed29e067f.png	1896-03-26
032f886d7d8db00df292006f08d7a0a2.png	1883-05-03
14d74ff38f9584ead69337ae1ff62373.png	1884-12-18
d8f94cfa2015eb540b1b49f4cfcee431.png	1913-10-11
3afc62644e25fc7db55414f8fdf8093e.png	1905-06-22
3fde0d21af96abdc6c679b896acb76c2.png	1921-08-26
40bb2cfde2d2ed2651f2b2b4dab7a4a0.png	1904-03-04
8039544c4df8c778f9b42e4ea02b01eb.png	1910-04-05
83be339f139ba065aa6141b4d7caaf29.png	1916-07-05
6194209367d09b5824bbba59841aeb3d.png	1914-04-02
8870ce50c4759ce62736fc0af791e4a2.png	1912-02-28
9c2997f1c8197890ff51e6e2cb778c74.png	1916-12-03
53f3a057ba7413e10a104e07c433c98e.png	1920-08-02
7fe6c44eab5cc9821a069e531d954d82.png	1898-08-26
1b24d74e3db76060f7c2d4307db2a101.png	1922-06-14
970e1b6fe928c6867439cca0603c7b07.png	1878-09-13
11eb2dcc7bc59dac957f613192db74cd.png	1900-07-19
0ee490e2609c21f33b77af52016fb511.png	1890-05-22
8542830b3c133091250ffce1fbb21793.png	1906-02-15
de68504d3b5aa9536e025ca774d653b3.png	1891-11-21
f7592efd5f602da5df886e3a8bf43a1c.png	1912-10-12
81dab0ed5db1223545452090ff5cf379.png	1921-05-09
f49ec8bc3715f2e2aa9ce7cabe19a01c.png	1913-08-02
aeff2d7269d74ccab45b0e0cb8967d47.png	1905-03-17
45982f1f86dd6e7e6c39a998b0b09df4.png	1902-03-08
6cf944102f7b97ae50748d5472a9971e.png	1918-02-04
b9ab18cb116629329be88cfdaab7cb29.png	1908-11-10
2572e57c05322413720a9917f2969c49.png	1891-05-16
b41df83be949803a3423c0c98d86404d.png	1912-02-20
f44d3fa8dca83a4344e2e2c8fde30f68.png	1918-06-26
61b7b23249564dbc71ff25a5126d2049.png	1900-03-15
97faaedc1803f602fba472790b98769f.png	1895-05-22
135730739d154b7897e6fa4a4cf5e025.png	1916-08-19
de5477c6d9c9419a2a184fea0441067a.png	1897-04-14
3a650ebfc7a03af237673ef3e74672c5.png	1922-07-01
8e84e7d4bc291006da0a3a281056d538.png	1899-08-26
4fb6d3c4b4a79996894e73169f89562e.png	1900-05-13
f96b2fd517d3a8eb93e5f6dd5f796639.png	1897-04-01
d94d8afd3e03407a5f7641208679eadd.png	1919-04-18
e8eab660e2872d88470f37d043d5fc6a.png	1913-12-13
624bbb9053ee881750fd7162379e191b.png	1899-11-16
02e5def01eaa9c020106b0aa6ae6bcab.png	1878-08-10
76d2a9a8e12092e8e16a940a4eb9a1bc.png	1888-05-14
e5d90d17945793c99645fef201d93136.png	1905-10-06
949035e063c61175bdfaa8204ccff730.png	1909-03-22
9c88cd26c87c09cef1a5e56345c09a51.png	1910-05-30
3ac3a486d0ef5c71e9a4db0a843267e0.png	1905-07-27
f5c71bf9668a0fc6d3fa0a72c7df9f34.png	1898-03-19
c1b5c3e28feafe860b4fd9343a3b0ee6.png	1913-01-16
a955e9cc17c34501280c89a03cb66aad.png	1894-05-29
065b40c2a39f24de69d74db042ff9fb0.png	1907-12-10
2adf741ab9d3f7e1ba66a00046b72376.png	1904-01-06
98fbac394c14008968914348fbcd245d.png	1917-06-29
25dbfac9bc57c80294592a9592953cb0.png	1907-09-20
9150b893cf52de1e12f06524724b9fde.png	1914-12-31
695461ead6795fde956e2387cb93e47c.png	1899-05-18
cbd6d25e333c8d9e61ecd5dfb2b44c78.png	1885-01-14
253e016f70eb85b274a870daec88a086.png	1913-09-13
b453551d159292de8f76ccd05ab3731d.png	1908-05-21
09e105504a97f3d049d9475fa349e128.png	1922-04-22
01b9b0b4d05cb11038f366fe12b2220f.png	1898-10-22
4b41fbbae1f81e1f62ea16880b7d3dc7.png	1910-04-01
e97fb23b9ef665d84df0445a8c49d6ef.png	1897-04-28
f2c80c49ab5f665cd4ba176e67a9ba68.png	1910-10-05
0e132bfbf6445bff948262fd6f842db7.png	1920-03-20
7cbd8469e5a3e6bf830dc062710167ee.png	1898-02-06
8e7e1b64d3aef16f0de2813ba61da574.png	1908-07-25
470004c666301592303feb97462c26cf.png	1894-11-07
b083dfc25f4bea34a555a8d2d9bc14a1.png	1913-01-24
1b61fad06d1f4e219b9b34e5dc6c79dc.png	1909-11-14
f9329331c01a25386288a05c1e2d703c.png	1900-06-27
736e2a7384adef87a60940bd6261ac58.png	1903-08-11
2146f2fee44b9b3e3e2ff45219641d36.png	1909-06-28
15cf1574bba60ad55e4ec6ac743314bb.png	1916-05-30
5b8b27be8d3cde99957e3b6e0b2a1cba.png	1912-03-22
361e5f7191cbaa6732de41f34169ee55.png	1904-02-03
d9ed7a5bf8d487df000693a6d4dec220.png	1914-08-01
d07110a61979e29c6573bff327e8dd2c.png	1898-01-22
beda504163dd2adf11644f102bdae300.png	1909-02-09
a7204a9e5cadf0081e0a01feb29008a5.png	1899-06-01
effa324b4bd64cead9c0287681bb6b08.png	1909-06-18
c5e74117db714968dc4fdf81183b2715.png	1909-09-09
263783bf00f2169c80c175fd27186f34.png	1914-04-15
ba31c3f1ec037ba91e346fe61ad8f3ea.png	1895-08-15
667ea546a10a271045c17b3df964e127.png	1901-10-15
5a85328a652c84ba425bdea3244fd921.png	1910-10-08
ff299938195a76e2468b5469e7aa7cdf.png	1899-05-23
d027e4cbba6bc488e2ddc6f850c7ae0b.png	1902-10-11
858cd26cf768a8416855ce1f4a21302e.png	1904-08-21
98cef1df5e7e0398f728c00151c0d2c2.png	1912-06-27
0824939f8fed2b175096ff8a765efa20.png	1920-01-17
06aa1492de64879056de87630eff575b.png	1896-05-04
212a1f8f40e61df5f53aef50a781c701.png	1908-02-20
386cd78bdb2d060c93accb154ff3ad5d.png	1885-07-23
fd239ceb83e8000d2a098fcb1bd5e641.png	1908-10-20
21284cb5915e82f46d649676f2ae4665.png	1886-09-13
1d1f0c1bb9a22c568de5ad41ee5e5304.png	1922-01-07
1e2d4a5b6ba7c5e7ef3a95ab2d317c12.png	1905-05-07
7076fe0396ff0ee96cb03788812c0da4.png	1891-11-05
e3ff77bf4ea65d18e331f44bb3b2aed2.png	1904-10-15
b0a99aaae4460e8dc4bf1529e52eb3b6.png	1913-06-14
ac871b85d75b8fd6bac9274857c5c46d.png	1905-07-08
327ded3839ddd4d7eaad897c8682ebe2.png	1921-04-18
f7e4661f346eebfad78f81ca984a99b5.png	1900-06-14
bae0a16b04ae1802bdbe24ee9f5ffc0b.png	1905-06-15
9e6f014d36d729031d3a4b0884d17127.png	1892-05-24
16798997e5ced5728d50c22c046d6dc6.png	1907-05-07
55ca43876663cdf8d4248a5b888afb79.png	1908-03-21
a9a13d6543360bd21252513d21272b4d.png	1914-08-13
ba15dd8eaf5bdcde05378da977feba69.png	1900-06-08
826162c196ab3dd5a84a4beffbcd3ce6.png	1902-01-28
b838c54a7c691cd7fb144a40f2c6a8d0.png	1901-05-01
887dba36ed1c9337bea27d6826956097.png	1898-06-02
20c9b094d869c1f1d9f8225346062245.png	1897-07-24
db3b5c64642083d0671dc87bc9a83ec0.png	1864-02-12
1214ed99fbe81472fa26b631ce3d7888.png	1910-10-06
38d77a04f9291a85fb48e86420621e8a.png	1887-06-02
1463e13a9135fb9be19178c1710a3039.png	1888-07-14
358061a36c21ed124e254ae195add0ca.png	1886-04-08
c030144d56574da9a71d9fd89ff2fcf1.png	1908-12-17
924bd64403508f666d40eb21581659a7.png	1919-01-20
11ecb16638bfc8c7693f8e790ca684d8.png	1910-08-03
b586af50f0ed7fa0e1348dfb32bf505b.png	1918-03-30
fc2c9d9723e93e47a0559601ccfe465a.png	1900-05-19
8b46ef077e84349431654e73d86a754d.png	1900-01-18
15dfa9875a8ef54d545ae21a9542798a.png	1887-07-14
e42c3ac8f44aa840dc90fdd06944aa89.png	1912-01-18
ada922663cad0b6e57f549aaa101d812.png	1916-02-10
78c9cb5fa57d2db0e7b0846a09dce9f4.png	1900-01-27
b24faa53d862a4454ae8fa2515645a13.png	1908-10-15
4c98b94ad0307b76aa8d1978d3c0ad0e.png	1884-11-05
6050468a2fc95a1813af616bfc4e1ad3.png	1906-07-26
3b0290f4e6ede99d33746718cef149db.png	1900-02-20
7f4b3118f7568b7340b43bf29bbbd0fc.png	1887-07-28
b93b2000900d7ab350f4981d035a2053.png	1903-08-29
905e966ef6053c54006400aea608aee2.png	1913-06-24
035a761eac3084b711ef705e806e5b79.png	1914-09-13
6ee9c09fe8235c3367b7a3f7ecf34fc2.png	1916-11-30
8335e31cfc02b42cce1d66e10984b0ed.png	1917-05-29
a38bf7051e88c642377217c283c100b6.png	1921-06-04
6bfef13a6e7cccef9b46c9071a9b3f12.png	1887-02-19
fd7d2f202ab3611b589475a35238fa7c.png	1889-02-16
5c3929719519ddcfcab1aa893400d00a.png	1889-10-17
1128d43a29fee619fb4a83acbeebd377.png	1909-04-14
e49db72cffeaee27192e837651037724.png	1914-07-21
ae1ef335b783015610c379d8f17bbbeb.png	1915-05-01
029f1e951910f7427ed608646670f992.png	1919-04-28
d8dc240e4555461e06e5a0aead97cdd8.png	1898-01-17
4c373d482567acc09c76a3e4700baa41.png	1897-12-08
3cf6188fa7b7ad68677e66a23cb42340.png	1916-10-03
7cc05eb7a9da32e7d59e8b2072fe0a78.png	1899-05-25
7907ab4cad7eabda51fb6f75a8ac967e.png	1885-12-10
75f335ab33a72e009620ce8975440205.png	1899-12-19
0d719a900283bb7515c6eb83c2877cfb.png	1905-12-29
2df97f5a75c8f564c31e8521ddb51a96.png	1903-05-28
1a497ea9d34c7525d39d1765e85d6e26.png	1900-08-10
fa031631ccc22ceb9d48d8a65e5be599.png	1905-05-23
215cd008beedb6d05ca4e4f7a4f0b27c.png	1914-10-22
3b216f89780c8cd99a4ddc469ff9ee6b.png	1912-05-11
2b9fa999fcfe377d542b340f1ccf9f75.png	1890-07-31
7ce90b776b112d87ec6a94727e063d0a.png	1912-08-15
1d7f625c68241f7c809c28510381da5f.png	1912-09-04
2c1a8a8810b602a0312582a6d1a7de2b.png	1906-10-25
c90a9609d61a140c0c2028873d43f3aa.png	1904-04-23
a2896a3f73dfc88313473ee67849245e.png	1890-04-10
3bbb70a97cafb1b567deb60686286c49.png	1917-02-16
d1f3cababc9957da2fd6185bb2a2d326.png	1898-10-11
55b21722c60a12d9f38ce80474d0cefe.png	1900-10-13
3710203a1c9e190acc1cdd4f739bf9ec.png	1887-09-17
24c19a9d8d094eaf394c2584028c9e5e.png	1901-06-28
9f4bcf72bdeb9c9582310d19bcf4bdf3.png	1901-09-07
275ac8f2cd55d408db7ae20fc69c8704.png	1864-08-12
165c4c6acb5d1219b8c5ac8268fffdf9.png	1886-10-21
71e91212f71bade2e8fe2a3b37c930da.png	1903-11-19
0b29b8392d43d887a68d8e9e1ea15119.png	1888-07-12
41e7e872a15e583f510f527fc2f8b8ad.png	1895-04-13
e193a62bd22abecd22a3d4b17f6eec90.png	1899-11-24
9ff249b05893e0f6d2a44571048feab3.png	1914-04-27
9b15fe9c936a422a32d71e8929b2d131.png	1922-07-28
5198a80d348c7d387f27044792305abd.png	1897-08-25
c751962411f3eca60e601a42a1d7b55b.png	1920-11-16
b68d72687ea77d2b3589b16ce74b0b08.png	1901-11-16
792c6459b12ae7d63b0e8a36e3f408d2.png	1903-10-30
d6fbbcee5ecf1095476c2cadc0a9b916.png	1858-06-25
9e568bd17653cd7a2e4af0e5119460d3.png	1901-03-07
5278e402b280c1c3274aa8d79e5c84be.png	1910-02-23
b2f64a849310d43cf00020a590da7246.png	1909-02-11
eb86ba820d9a9633ca4affb2e585badf.png	1920-05-15
862b0332dbba653c2864a2b68024b0c9.png	1909-05-19
6a1c4665a102a95b9733965c6358f280.png	1860-07-18
a1e2d67cbf9a5603ad0236914942884c.png	1899-11-10
060a0b2e073954911aa33e2e602437ab.png	1919-07-29
2468c80edd996df1020ad6edf552cbcf.png	1902-07-23
cd847c29400b1cf2a12b159ffeecaf5b.png	1900-06-30
b2208db4c5f012995b5d604df63b5568.png	1909-10-13
a346c158b5a1c084930207069ab22784.png	1900-02-16
d3333f7518e90aefda98d89828da9d0c.png	1907-12-19
8c27b657888b68398cc838738664fd0a.png	1896-10-31
357456a194a2fb8792c7b304aeebedc2.png	1855-05-25
3c19d47f50ab72b71cf471041285a13e.png	1903-09-09
efe39629034252a2d38160ea7669c9c0.png	1885-11-17
6ded05acfc369fab8769e2a4b66c6b60.png	1875-12-31
439110f4a136f0a78a186f2f624b51ef.png	1915-01-15
dc520ad05a921e6411f3dfad066ac9bc.png	1860-09-01
7272d2a9cd6a5e04beb2f06891b1e7cf.png	1888-02-11
2de90a9e775c6a3b48dd223770dadda8.png	1887-10-13
5682ec7c1829253b8b3e028c9d79dbe2.png	1900-10-09
cf0c3892a07b04c062e3b7397f35e7c8.png	1898-05-30
e53db0df4ad1432d65d2411daca0fa17.png	1919-03-20
ad21566a537bab70d19eaa0dbcefe7bb.png	1908-03-08
e1c5d4a465c3539a1a1e02cacf73a2eb.png	1905-10-27
0e4187ab76d5d87842499e95ad784a57.png	1887-07-22
5781724268bef3a74b0c793ce11fc623.png	1885-02-23
cf6c6358eba07707b86a05bf9cca1e8d.png	1899-05-20
cd56e441076e8f2d0dc1c1bd242f5739.png	1890-08-21
a19610ed3dc9657e2b7d645d7931698c.png	1906-07-05
f6da6f8abc7704c31ac7f3b1adab8693.png	1883-03-19
02b1943fac73f4e4e7f226587d251c1b.png	1863-11-06
455646066237aa4e5f3f96dc5fbaffff.png	1911-06-17
84c4437a068202cc062765ebffa1cec4.png	1909-01-01
6b6e3a26d914214171372445a5b71072.png	1899-05-11
17cbd1709c0b7e8e94930e4a4f1e6de3.png	1897-02-27
c90057fb7b9407bdb31fcada179230ed.png	1898-08-25
7ce1d6281d05e85700e951d2a0c45d91.png	1918-06-04
f9dfc3d06daee9513c46de15f3ff12bf.png	1891-10-29
2c7dd5c3fd04ef1c0dff4a106d0571ee.png	1903-05-02
d910286ec41f098afcb826c7f3492790.png	1911-07-29
b04531e04e97c742357463faa90c1ae0.png	1901-09-16
e9ed7a56698cd203960373cd93c19820.png	1888-10-27
e2ec032a15f6457db952c490c62b7aa0.png	1920-12-18
a919e34d8ebb66a106ceeddbbca9b41b.png	1902-10-25
6251fc35e846cd1bd5b6d4761d9c3cfd.png	1898-05-23
673bba899da8bac3a791be2fd74ab14c.png	1921-10-04
911de965fcba3f622aef2b13c82e798b.png	1901-01-26
8d4eaa342956124798c34c92b28b4fe7.png	1920-04-30
03be6fcae800a6f4aedfc62d1fa5950d.png	1889-10-17
88bf482ccac4127dfeac7cad59c502a0.png	1878-07-20
90f90d99d9bcab61b6bddb56e796a422.png	1904-01-30
44b50f3b5e7ccf46186e6b8740e3e0bf.png	1886-06-29
8ae3e862e5f54fbe2636be0d9a2e4312.png	1864-06-29
c58a997fb8d9b3ff9a64397ea2e7b47c.png	1892-11-18
73d8ef4892bb08fe5b59efccc7b756e1.png	1914-01-21
acb5974ef9b53c45df6e4bebf0a06129.png	1905-11-27
0b08a3a6d5c9566940eb4202c10aef30.png	1885-12-03
f6fb46c44c8b9a397300681798b5c079.png	1900-09-13
63134f19bc0035b7b40a641d1066c81d.png	1909-10-14
7bb9d007d30fb11e5414553b7fb31300.png	1887-11-19
cb96995e9d82971193891a76d24ae042.png	1920-05-01
d17c57f90aa747c1828fbdb668a1e01f.png	1897-10-30
9254478f68608c4ec3b5b02097c4b4ab.png	1889-04-11
07765f9542bc05b246c286b65d4cdd0e.png	1902-11-13
9d4add2922012cb8df651abcdfff67e1.png	1897-11-25
24335190dd46ae62011f4a3878619feb.png	1900-11-24
6e7c3099c0ed76ab3366274822a10183.png	1904-11-19
1afa31b2a6cdd96c285d1d0b1afd29c9.png	1919-04-12
1d7e95855f67df6fdacc02d2bc28359a.png	1884-11-01
6807dcac964776ee37a2f63bf6a0d32b.png	1901-01-18
a05afcfb5913a542a5a91aa4effd03b8.png	1918-01-25
11f3e21c97ef6562128e4e809a53696f.png	1911-04-24
3d0633cf31302bef65ccb91728311dad.png	1904-08-11
5be49d4466244c43f8979b02937d126a.png	1915-04-03
09a348c8f86de0be4725540e4ab4368b.png	1916-07-22
8d1f0395ec7f7876cbbf6b710a440f68.png	1912-09-26
fa428c3e7f1c7140338e267136c479e5.png	1906-04-21
60e9a45874f9cc8c21e9f36ec206cd92.png	1918-03-12
23364131c620ed8dc16a1a28b7644448.png	1900-06-27
38120033d66c3ca49a3007b003af60bf.png	1897-04-23
f725d29a9c7c9dc010cdc327c1ba472b.png	1920-01-10
40e8a2e832b942879cc888fc3cd8832a.png	1920-05-11
3cd1670c749006c2ff23394b84b1c870.png	1903-04-04
9b79352250d079b953e96bf4ba405c07.png	1863-02-11
9e98a0928fd4739129a4e10253121220.png	1922-08-11
38628155f919adb261c54d47dcf7a4c5.png	1917-12-03
cde816b97d7defa2008fa0ca15551e8b.png	1897-05-06
d7f3398715287b660c51761c5ca27c3b.png	1889-04-04
c23b9d919ca046719fffa9c2335e5872.png	1893-07-22
4732b4d058f5f74736b21241ad31025e.png	1912-06-01
3ceb6a100c9ddfbf3dc77bf6e3038159.png	1914-08-17
6264ed4802c80332665a92d2c7703aaa.png	1905-03-23
0375c5044235527ff151a26f64a7eebb.png	1886-05-17
55317524f5a32fb697fc36d534c5cf3f.png	1903-12-25
38554a6b9fdd1335fe35fecd65c0dfa6.png	1899-11-08
189f95173afaffb41a14b1a69fbe90c0.png	1901-04-30
f65482c7ff82f6f8d3e3fcb0fec89a62.png	1900-11-03
e4b46abc485b44cd04ec104c8aa25d8b.png	1918-02-22
dae43839951a0d77fd56c561d2e55d9e.png	1921-08-22
d4fe8ae8d46ca2ab0418dfde9360fdd3.png	1908-06-19
6ccbe8f5ad42e1686a45502f354c30b4.png	1919-06-04
106b5b67d8d13e74fef7ae95fd4762fb.png	1919-08-08
a10c2e9a4c59b68148a6951b763e7ac3.png	1910-02-03
639f4b2acff7d6b30acf4c8ab0d9454e.png	1908-09-19
5b22f8e9b8a21314a5ef5c8d62e467dd.png	1897-05-06
6d21cdad041084d0edb5732ae21ba392.png	1887-04-07
a7a28f95fc904e9fb020c99eda2cc6c0.png	1902-03-06
dc1ec92b51b3bfe5bc5e5c382521d979.png	1914-11-07
017371b06b7aad27687d971445f0ef4a.png	1915-03-24
45cb302f5b78083974af880bee79a974.png	1900-04-16
99be70e1b109ac55fb06b33f1095dbde.png	1920-07-17
2b3b87c6bc72701647e1357b9870f9f2.png	1898-08-31
b8076ec5a701324d614a50435787d1bc.png	1884-08-21
671aaf15424c2589a46c587cb0cef003.png	1862-10-29
11da81ef4686629b2b8ee127c60eed87.png	1887-05-19
8cc175d775aa4f47dcb9fcb88c608976.png	1909-08-05
1f444274972bca9f283ded9008cdfa31.png	1903-07-09
560bb8005bdd3ca247406b7b2bc248fb.png	1886-05-31
eee72aac86472c7b77c2369c34fd6242.png	1901-03-09
bf6836b90be7f9cf2acd2bd8ee11b19d.png	1909-07-26
9160bbda860f8502c29970eba4da1dbd.png	1904-04-11
55463ef9779866ca2e5a2fb2366e3c59.png	1919-07-31
d0df3efbed87b90fab150edf9487824b.png	1909-04-12
ad7de4ec0238af3e338e0be66874676c.png	1907-11-02
70087cf4ba2c10f6753ceee509d4adf7.png	1885-04-30
b95a706e4880b1822249f3dce42aa77c.png	1900-05-11
8a055d1a5b67c97c224525b83ad93424.png	1904-09-10
1b4ccaa2f31a34f3c9a4853481121efa.png	1913-01-30
2a47fb32db9051d2d3f67746541a9c3a.png	1899-12-02
be6a041545309742f38a299b4f28b1cb.png	1921-05-21
90c8c05da73221956571bea299835933.png	1902-05-21
f8cf900bdd2d951f245321b8490e2173.png	1915-10-16
3bc2d45c4517d20b40d4916bb03a1072.png	1901-02-04
3c02e330702f63c41b8c2f4c7bb28447.png	1901-01-11
d120cbfc2d0b01bf808c98e2c0155288.png	1884-09-20
ecd34249bbaa90d5793d97e2cf52bd47.png	1863-03-02
1afce4a1294674a19bbb5d728631d8c3.png	1917-02-09
a4c945e3114313e43df414bab1fdc020.png	1905-07-27
8ca6bf5f2ac2755428c6d924fb734da3.png	1918-06-28
e7c4123e40b476a3ce7b47c24c29b1e8.png	1880-05-22
b374e40ac316e271aa669898edd810a6.png	1919-02-15
e845af8dd6f387f652136c97025848d5.png	1919-02-07
dddf11b266735b1018718a326bc0b144.png	1914-08-10
c85dd3269d97208a44734e7fdcbee681.png	1905-07-01
7f254bf22dff7a6256284101108ba2c9.png	1884-08-28
2ba7f55906b0c644bd39e3765cf70d80.png	1899-01-12
96ad1b1eec8deb4a0e69f5147a62298b.png	1897-12-01
2282a5cb1263a412a5e611672e4c90bc.png	1917-09-13
797563d31d50ac722a929516e44269e3.png	1898-11-24
c6b929678c063eae693b35209a9e224c.png	1907-11-22
07896de5cbe2f17d342645dab8ece96b.png	1920-05-12
14b7b1aa918e2c941c3f3db3fdcb0534.png	1900-01-05
25ae2b0f65cea1b76d541343295df922.png	1913-03-13
debb8c6d71a1cb423c311abbb4f412f1.png	1902-11-27
98c8c590a6010ff931b2aaf359fac2af.png	1886-05-28
