cf11add65c893f1667fea395ae8a3c99.png	1910-07-16
87b5ecbc9b60a1b75db51e1a5c31a8b9.png	1921-09-10
65dcee0905ef49da2146dbabf14b3906.png	1886-10-25
4d21245528fad1999f2a35a4cce96b85.png	1922-04-13
d4cee2c147a7b8b3a81f76cfb7cedbde.png	1904-01-22
25e6125c1b4fb4c99f0963f81526e0fd.png	1897-11-22
5166ad5856fdd3622fe9e581395ad94e.png	1884-05-29
d04dbe52dcabbf6ad006931900f4cab0.png	1917-01-11
35fcacd183a05c2f28edb37e68211a2c.png	1878-11-30
075d409c5c5e76c6a02408ef6456eb01.png	1899-04-08
c0924a673309ca6c0b1e3785d72b7d08.png	1915-09-10
53d6359a8d4192ad04fd92c7e6542b79.png	1905-06-08
6e828caca1cb8607f795424e60d3c1cd.png	1887-11-23
41883568aef683a2ce79dbb141142792.png	1918-04-04
b5d1cb3a6d44d63e4d4faae98fea3cd6.png	1911-03-01
93a67306f1d4a10205b279ccd772d847.png	1922-05-25
90cef7fd42b357d6009bddf34e5e64a3.png	1889-09-19
d20edd0c6b8bc7c15493b51a65258418.png	1908-10-17
2bfe283ec1bacac7cf7c534f7382d324.png	1905-06-22
8d4afec8dc6e19b6280ee5bb269a57e4.png	1910-02-01
d34cd9a8c4f5e9ac760e1a19763bf2c3.png	1898-03-18
4aa8827c81cb46f47c50976864de72ca.png	1912-06-24
c31ea0d754485faffed9495313abfe56.png	1866-10-05
9501d875b97356bafcce0991f4fbc9a6.png	1897-10-17
65b2e193ffe3da7e1d14fd3e60c80011.png	1900-06-12
298efbed5483c54a359af23dbe3c8485.png	1896-05-29
77d18fa197a5019d1470a82424170705.png	1910-03-16
9df9c824e20aaad5e6a7197e4a940cfc.png	1905-03-21
f1d955e33abaaf46ba6dac80b8edf0fb.png	1913-12-05
63bc4d9b508f591785af0f39c4164034.png	1898-12-22
e094d7b17bad0ff2a30e588d0c8e69e7.png	1920-06-02
c82e60c8da38573995ed8b0129016b64.png	1902-10-17
29cf9da70478e2a86c09b02640855a65.png	1909-03-05
e2f77ddeb4e79004fd185c9722036115.png	1917-04-21
1ab2a2fec4d6d7f6ff24b9b9cdb1757e.png	1897-12-24
aaba2edbc14aad7cb44f6f76739d6ce7.png	1910-06-17
1c154e76d961d6f68286a162bb68bd84.png	1914-04-09
b8728a78031ee9ec0e8c77de8b356302.png	1899-08-02
a96495745f6d107ece57785b79de1ebb.png	1897-08-13
528ce99f1732386b38f6ca2417cfead2.png	1899-10-05
7bec0574969f302d7da88a84e1472712.png	1906-01-18
be6a041545309742f38a299b4f28b1cb.png	1921-05-21
f7e1327ecff54c23565a8b4edc5e08d4.png	1907-09-27
9b30ec1fc5f3911b60f407e06996919f.png	1914-05-11
2ddd865df04bcb4e316fbcc9dabd0dfc.png	1911-12-21
84da7955c949ae9e3dc9e94a1c3a9b1e.png	1918-02-13
610af7afcd1992c5a388706d1a9bedc1.png	1890-01-07
62812b00ee8b3c9630f6f50ad8bc5d95.png	1906-08-30
d93a38981d64b8a0fc89881c5803ed8e.png	1891-09-03
c284cf2508662855108585806e59b509.png	1917-01-27
274e8dd85abdd7a0d88f60748fe5722a.png	1898-04-27
752d9e9e0990bd38b8d5ac25bb1ab46b.png	1883-03-01
71694a9ae0e645cc6227e745d36b9140.png	1888-02-29
61763bcbab85c341643111f41a051ecd.png	1916-02-05
47404e966698155b935579de55af0d25.png	1909-11-25
a1704dc3de4eb0a15ca6783005feba1b.png	1909-10-02
9eb9b444a2d31f3dea060787a64b1161.png	1914-06-13
123c4b5015c5522a8b678d4a130f5c78.png	1888-05-12
ecef08a3227f46e4b60c760bd2c83df3.png	1902-07-10
18f32ab0672866cf0844699d32ad2d61.png	1917-03-20
3077b6394cbc1eb409e21e18ad37b32a.png	1914-10-26
9931d73b847b8573f312cd6c9a746d57.png	1921-11-29
8abab606169e031021d1786b4ad2a6b2.png	1901-10-02
3e724dbcca13a2492c1b975607c14d59.png	1883-05-12
12aebc41279e3211e1bae8aed436c73b.png	1899-07-12
8ac062d4da068d7ecabb476a7c42da54.png	1911-01-25
5e79b590252582002bc27a0d5aac1bac.png	1903-07-18
8cf2507c1211bbcea6fd5ae1eab047b0.png	1906-08-24
78a0efd294730294070b7707dfd248e2.png	1884-04-17
02eeb1d01ecfb8a018259044a31565e8.png	1913-01-09
7940ae3438785163fb3852e5e31dbdac.png	1902-04-07
4b7e32bdbbdcfe16e8973b158f1729cf.png	1910-01-06
c682ba839027903dc2d19f1b1e53fce0.png	1878-03-23
ad9ef6ee9151171e2a892d888c84166c.png	1904-05-19
5d3149bbed6316d4e1fc2ec63f3ae7cd.png	1914-06-11
c1f5133213f70c171c42c5a556df07d0.png	1881-09-29
2b0f7b306ac4a65f1852e0fde6e117fa.png	1901-06-04
b50c0899f9170516a33ee877771a4bf4.png	1922-01-19
2f0c70324a661f6ae014136422625adb.png	1890-01-08
5d53dcf5bf461fd38d95b232859c5438.png	1912-01-17
ea7eaeaa02b3b47f38c40310c9d38051.png	1903-08-01
5b829d2f23718fc4afb005a59d942d4e.png	1898-05-21
07e9497a638084e7a6c02d09ab464591.png	1907-11-28
cd0a66e25ffa433b158dd2b337e6dab1.png	1910-06-06
89550e76c7554cd97dc79cb8358b5cfd.png	1907-12-04
41bf5b04fc8fc65d0cdf775f3539eb59.png	1898-06-10
3149efad0ce3fef1b555ae200cfc3340.png	1913-03-17
2fad1ceb59b3953ae85da5a805e6aca7.png	1911-05-25
e61530535c89aba46485c052ec410e93.png	1898-05-18
fcee93603303d728542aa07dc0085239.png	1906-11-01
b22a1c9312addcbe4f45e96ac8a9dd5c.png	1916-08-15
4d340bbf21cd112209cd1cbb3d320d28.png	1866-06-29
354225177825c34b1d92a577bce2d22a.png	1899-06-07
680d202dc367a0bec08608c1876b8125.png	1889-04-25
7dfd478cdb332d1ca4bb51700ce73d16.png	1887-08-09
13726f7adf6ae8f07f23d8072d0cc62a.png	1853-10-08
9844af0deea0e114f96e1adf643506b1.png	1913-12-04
094652cb6f72421a2711289441c84900.png	1904-01-06
e067a174b1db5f7c9ec599fcbcf83a0a.png	1904-05-21
22ce7500aac0a91e6343f890366a06ad.png	1909-03-26
b48d8dc1b0b36d687f30ca680f5432ad.png	1921-05-21
16ad2db73365b69addbe1ffd0545f857.png	1911-01-07
51ccb8059f327147f2b044ea834d2e17.png	1906-03-02
4d56ee1aa03c5e7db7107736e20140e8.png	1918-04-23
78320352db07081ea71e60adbe435a88.png	1912-09-11
db8ffc49e999a826128c6bea7ede5c1b.png	1900-11-26
b79951c714b59a08205f11a3e1d5d041.png	1898-11-18
18e9140e476a33cd51a1d80640ad4c10.png	1910-12-22
8f4d51e234af01c971646fa17cbe0d15.png	1916-09-08
cf7baac53369fcc197b50e3ae19e2d9e.png	1908-12-07
2875050ca2db58982a7a27865a5e60ae.png	1898-07-29
ea54c3719c0cf53a9971ae20ffa27b55.png	1907-03-07
96f8d3b45db8f6c8d5419d09d22af6c9.png	1922-05-03
a4abb2991f5c117cf522e5ce7eb694ec.png	1889-08-10
cae06ff89fa0c86e7b5d520216d233ae.png	1909-11-03
2d6c27e1d5779da6d918521fe7b722c4.png	1920-03-29
30a221e776af51449ff791334d3ecad2.png	1913-04-24
643ac50e0826326c4efc368b7bfff856.png	1897-10-21
2cfe68eef69de6b963ff2ab06e2df894.png	1919-08-25
5c1f6ea927adcf9513016d81fbba0fd1.png	1898-06-03
4fabe8fa06883f28286efdb2092e4a8e.png	1903-10-20
23a251275dbeacd0803b2908b8e73c41.png	1913-04-19
66557d1072a5e3673725923184756094.png	1879-11-22
274ec7017fc817476039b31c3eec3c74.png	1898-05-07
c91752718c686a71ad5c3f9189849f35.png	1916-03-16
29d86f4c724559cb45cfbc163012000f.png	1885-05-07
cf2ca2290ffb590d4236f40d37463838.png	1862-06-02
4064de1577544a1fd5158e912efe085e.png	1922-08-19
34185f47636b156e93974e537b265fc7.png	1918-05-04
e5265551b31c1967ed13bf3effb36085.png	1908-12-14
01a64ac039b4bf581e73c1e444b9df3c.png	1894-10-06
d455c82ce39b168c8303824855b094c0.png	1914-08-25
3425c99242fd5ffc6d694b44c1a9c5d0.png	1912-08-31
93683e95769918b895767d4631471fb6.png	1914-03-10
e2c85ea63b0d71da553cc49030d0ac5c.png	1884-04-08
b1fd2226e26ffdbe5f05da9d3d849e85.png	1911-05-26
d0fa5e5698ecf71719f5091ea9406d9d.png	1887-09-10
8d16999076387a8083853e5639613cdb.png	1915-12-30
9c3743b41e7a990c7db78642443f1d23.png	1917-06-02
e3b8bbcc76f4cc6a2f236a8fb512804c.png	1907-03-29
a5407f4a9418cf058e2a2f9d9e608236.png	1908-09-02
2bc60070faaf4af537ebd4178cba4c74.png	1901-10-17
19eeb1e5c8a73fb6334c85566dca5fc4.png	1898-05-12
5d918eec4ccc25433bedf720036f3b57.png	1884-12-11
b5c5c7bb66eaed682e5092a44a697bc6.png	1910-06-15
49223299bf1d8c61cbced0a3cbcda136.png	1916-01-06
e0bbc298f4007185703b4d8e4c2b4498.png	1887-07-20
8f5c0327476739b843b01ddfb321833a.png	1918-06-13
43bd32815ca5c260f9ebff9676a95863.png	1911-01-03
9223dad6a34d2e2aafef85546f622d61.png	1911-12-26
8ecc67db330a87a86f2ae858338bda5c.png	1901-06-14
8006b60a184ecec0c0c8d5ce8d929ab4.png	1909-11-06
54bfc6f21155cd203cc202973e6b8071.png	1908-01-25
203bd2e2c5f8c7568fbf634e389bd77c.png	1913-05-29
21bb3a2d9c503568ba17a0d056f76d2f.png	1920-05-05
56f7e1d6394b495ec092f29dba8201db.png	1908-04-07
f0d4624eab209ee75c7e9657be805303.png	1903-04-08
c3d87583a30c37b10a20b9be827599ef.png	1904-07-20
5ec3e3b160119873e6848570dd0afb3d.png	1893-05-11
d66aba178c62de373cba1f6bd25df192.png	1899-05-06
c3e3cd0769d3c5f5041143e5ba70bc92.png	1918-08-12
d33096fa4569bf2a4d33c542f01c682c.png	1904-08-09
f0bb26a3c2313bbf29daced97e3fad96.png	1880-11-13
6d9057725c81bc7262464e15843b2941.png	1856-05-23
266d7064a29559d45dffd6a50795755d.png	1908-05-07
dfdbfeab665bb3e9a384dd6e2b7ea3cc.png	1897-09-30
0b17335510ffd23d92b4088cfe1c5ae4.png	1913-02-12
ac7960c2509132b798dbc9a90da35b67.png	1905-03-23
df138edd16e7d5865f556cb94aafb401.png	1901-01-22
f29dccb4a9056a5433ede5e23ec40af6.png	1895-06-25
da9da8f77a1396d318fbb0baed362b3c.png	1905-06-02
64aaf6315f9c5bcaad885b5bc473ce34.png	1911-03-12
3e9f1577f5c0c0b04d680ed30abefa8d.png	1922-10-23
7d792eaa96eda211a5a47eb963655a85.png	1900-09-20
d2c8857b7a41df0e772b2d58e3cda30d.png	1917-05-02
100c1c33289224e80e5474806ecf7b41.png	1907-09-26
1cdb8a301601a450cb82a53d0bcf344d.png	1899-08-31
c002f3aae07d57afa6b397594b906264.png	1902-04-03
1cb5620bf4a9b16730c3d44833b54dfe.png	1903-07-18
e5cc19af0f867c3bf0db3150007b99f9.png	1912-07-09
867eed7ce762742a0647dfdfa834cf64.png	1920-04-03
5e2faaf8153a44b7bae2ad48442c9e0b.png	1909-01-01
a75873e5a35aec8daa8389e6351cbb67.png	1911-01-21
f283681de6da272f6403630ab0dcb963.png	1889-09-26
6efeb06143ba666e4d85f8e73c8b75be.png	1897-10-08
dbfa3fc5410088999d1e2455e57374b2.png	1904-07-16
16d8f71c22040ddd41f68b57671f3e51.png	1921-11-02
2892b4538b83075aa588c26ca56d1904.png	1890-01-29
139c2404f3df2c3afbe33b66fde27521.png	1910-07-29
91d45301145e70924fd0099816a9b9ca.png	1884-03-21
338e9df09212be4fd2bbaa8246d9c74b.png	1903-03-31
7bf8a6de9cb367a3359dc76ac8889cc3.png	1892-06-02
592b5f629227d70deefc91bd63d6ad0a.png	1885-01-01
1ff3a940b7ac5cb8b8ac76c42c522b69.png	1921-06-14
5b1983afcf26270f73e9b7a5cc302404.png	1904-07-21
32ad122addcf0e8110fa6f324c33bc22.png	1901-12-19
e325cae0ac48a9f847b1f6d28f5fbaab.png	1907-05-02
0425c1ff04d095061ecab3a18706f082.png	1904-05-10
3c7a358848b946f4b2e084369dcfae37.png	1905-10-06
f31db695246026a9d69a8bc65106c26f.png	1910-06-30
0deae5fef3816daa5ef7e1a77803d021.png	1917-04-26
c5a847c9102b2822822c462342da9a46.png	1905-12-13
72bc33fdb757a578efa2f8b512aa74e4.png	1887-11-17
424103a9dbf1695f256e7dc3be63052b.png	1901-03-01
d3f04b385f0a51f23205b2e7f859c571.png	1908-11-19
ceb07961612dc51b718ca3841f598a36.png	1872-03-14
45fea39610b215ddac86d3b1bcea256f.png	1900-06-21
edcfe7c645f7c6dc8b87dbd45fcb32ba.png	1913-09-23
23e51415c19a1957485b4d83f3566319.png	1906-03-20
e0977ed4e7a41c8a8c39f5d1c112c0d5.png	1910-07-21
101918a28d0489a68a70bcb876d81c66.png	1893-12-25
e9132dca5ae3f172112611706efb673d.png	1898-02-26
0964b76c54e59ea29cc35edcf807c8e8.png	1904-06-09
8c7ebddde0d2773b776e2d5b1f52fd73.png	1918-06-29
c5827552c7579deb28b67f3aaab4a5e5.png	1910-02-22
43c3124cbd1b4cc8e03f35f89c91677e.png	1906-07-24
bc2e479bd4c4f15f93f7cfa1e63d1fa2.png	1899-01-04
5331701a73154ba1ded74d6f4321b3f0.png	1904-03-16
2a56ae4ca660d09d023f193c7d1dc7fc.png	1892-06-18
3c317a2a1d798e78db26830e5d9cbeef.png	1898-07-02
3eab4d590421f6016fd0e090349ba8b6.png	1871-05-06
345a0f8cb79c6a3023e730360c8dc1be.png	1911-09-11
853b222a6af6ef4c3b89c5b4b5770ffb.png	1920-08-24
7dfc47c86f0ff21a13149b83978bf353.png	1920-01-20
dd0d473f47cd3065e60e6bea354913ff.png	1884-06-05
9da4e95e55a811832d64906a2e4b7724.png	1905-08-03
564d9cc9651d918f85125ff41cf9626f.png	1901-01-31
2054085d4ce44f665c5d829e1dcdfb71.png	1910-06-08
c057929aa206396c2f936de3fdeeaee5.png	1884-08-18
dd652b99cab0ec4df3b23eb6256d917c.png	1897-10-12
79850dbddeea0c10fd43b0571f32dda8.png	1880-11-06
bef4613f147c9f5e63e8c3652a36ff6e.png	1908-09-17
2f79089135feeddf73b711115e40d7ce.png	1905-04-06
0f376e8e7aa9e62a96a58af3866e01c5.png	1897-12-23
dc92e099d259b0acc45da21ef5876d69.png	1912-08-29
6fb96e52aa21bacc75060acf9a966905.png	1909-02-17
488f679a2060f9629db7c03d89f51ac3.png	1903-11-27
28ed04608e70e2de362b5c4070f6df01.png	1901-08-06
834799cf7243470f502ed5e1ed11eb99.png	1900-12-03
9df154abe4b52682b2cc5f61c456a75b.png	1909-06-01
dcc5d840bdb883af39e6f4a558e98114.png	1909-08-03
f977918d7e3e2070c55d8477cf670042.png	1901-10-23
dea70be53cc1479dbfbbc1fa092be7ba.png	1901-12-14
97ed628b7d9ab0468580ea6a7e16fe2a.png	1914-03-07
8cafd7c0e8c1c67add2e60dbd2cfb2ff.png	1913-01-22
05a4701217078f7098864c9254eca18b.png	1910-06-24
b1f1a3fc6026407682f702842e02dc28.png	1912-01-03
3225ab9f9a86ad23e7f7f1c8b5209f5c.png	1913-04-23
1aea214045284add9fde9e5de58f7faf.png	1899-04-28
a51ab3770ee85d1a3bc0bdbb5c31d866.png	1909-06-30
5b57c9f02a3f1c7a571d24659a0649cf.png	1910-05-11
f86b79d1f849b3f135f87da9f1f96535.png	1902-09-11
1803d4d82218e8bfb143a92d3d3f2fe1.png	1912-06-12
5a706d4f7d14eeffa8763cf5dcb8c1c1.png	1884-05-01
d4ccebb48b9a854df397e0cc5e72a997.png	1917-03-26
fc6b2a72b3e4680223478554dd18b76b.png	1897-05-29
915179dba7da5c88629ebdcb8a51bc61.png	1922-03-20
3efcb457c544d9755683e14ed0268afa.png	1917-03-30
4e97ae684a3aa347e04e51f0a1495071.png	1897-02-13
b9ce27aee31f96d2bdcab92ad36bf220.png	1897-03-28
89300fb9655867c24ea271c4ad7b3764.png	1896-03-05
c8fb0494b39ae2271233f635afd7ecc2.png	1919-03-07
925f79bfc4dc7d81bfda17ac65fb6fa5.png	1909-12-29
6af627bf3af96aab1ed28b90922a53f5.png	1905-02-03
2ca9391ee242f0d474149d688eb837ca.png	1896-12-03
63c913cb511866b4cfd161b6c2218a74.png	1907-03-15
0c8cc190ae0abe09bb42d6f9e21cda28.png	1907-06-27
4fbddb921d192889e57dae24bc09abc5.png	1883-05-31
b3c05fc4c1cfcdde4a0a390e834ca1b3.png	1893-10-28
ba82cfc597e7570e678b4a4be6a7ac56.png	1912-01-17
aaa927e37fbad63e7094642e6ee3824c.png	1911-04-14
f43969963543299a9e1d725bf5ade394.png	1884-08-09
b57d958a742c085b51c314847fe95809.png	1922-04-17
a29e806ed5eb9e8130fa7a130ff2b3dd.png	1922-05-09
2083db67c82e5e666fdc5de0bbbb8b35.png	1903-12-08
58b94f10a97f9b49464718ff10e1968f.png	1889-09-12
8b3522514da45e724c6138220e699090.png	1892-09-02
08ccec1e6d453be85fdf5dda9e6c016d.png	1913-04-27
48233ddd9da3b47596b36995c51a9b3c.png	1901-10-24
a70c70a0e58e9655ae26b020cb9e1b6f.png	1917-02-12
b0312a18093c21b49d48e7294e062f1b.png	1899-10-07
a08b497efcb73b50243163a6b35d4687.png	1909-06-11
d537af839a137743b0bf406da44728b1.png	1863-10-10
dd6052657c382fac06ae12c58661e072.png	1901-10-17
e3a36cd4e9951623e220173611b168d9.png	1899-01-05
3cbcf8f9f5db4e6435445042320bea17.png	1864-08-10
75687c1d8dd66d79f3e4f5875da1d15f.png	1862-03-12
d4e2eb267622a822c0b10ac098db75c4.png	1916-04-16
045ddc95ace1a0cb47bbdae7ce0dd478.png	1903-01-09
733b4a15eed9eac2a3ca24786e006d90.png	1920-09-29
bea118df8dfa03b2df93af3b90b034ef.png	1917-11-16
11d7a351cbc5aeea5c7adc25261763da.png	1903-03-05
8e0e5527a110bd693afb7bec8b66ceb3.png	1908-08-27
eece395b368e40a6654a0083249e01aa.png	1891-02-07
2f7129a198927dbb701d191fc622168b.png	1897-09-03
fc985531a228d144d5b363b77576c87a.png	1915-12-31
46e34fbea900e7cd0ce9acf3cc68bf55.png	1905-04-06
48d0f06752f9ab8d205131a516792202.png	1909-04-14
b0b1259ea2d37acaa9b458a864e9ec6e.png	1913-01-26
2a378b9e3492f3a9807afe16f219dd0c.png	1917-02-27
afd7f9b833bdecb27eae057f31c53c64.png	1900-01-17
23a9ee759ab5e2654e6e0adfc81ffdf9.png	1911-12-27
eb23b72091fb37a0482433a5cad6d129.png	1900-08-28
101e97de76c122f83186b4527fbb84f9.png	1914-07-28
e0e47f3172e6088c79155968ef2e7a73.png	1913-07-01
1a7fdc9f4d5f909e8d1efbdce042e0ed.png	1911-06-01
e9f9e8a4f1f413ef2b4a02928347b678.png	1920-05-12
fa548d039884fbd42abd7d08533fccc8.png	1899-11-10
9682891875a82305587f15c9d7850202.png	1865-09-16
01271fecd20209d5392b79a7e61c19cd.png	1913-01-26
bf729825a78c517d827e0a3be306791b.png	1898-05-21
7f1c8e860224644f6b336a6487b23313.png	1882-05-04
bbafff3bae4c95a2ee44affd2074a013.png	1884-05-27
d9bb5a724ddde5d00c24acddd7d0f0cd.png	1913-04-06
532b22485ee580fb834848b05004b722.png	1921-06-25
0ae371a6a3d31f211b4980803ac669cf.png	1911-08-17
e2606ca914616d7447a30ea09e464866.png	1918-09-26
254e3215da24112c25ddaf4f11d5e9ad.png	1920-11-23
6755718c87df41c0fe55fb5f8044949b.png	1900-08-10
14ecd2ec1d81757bcf1ee2309b57e12b.png	1900-05-10
0a2581fea002bff7a67efa590186d72d.png	1922-04-10
716c649314184f6680b7be831650563d.png	1892-06-14
7f76371e3f681f60725cfb14edda1224.png	1898-05-14
d3dd52b7f6a9409e28df5efd2411586b.png	1912-07-25
a7a20fa1b30aaf1ad2a9eefeb1fcebfa.png	1909-02-18
c0f19883d02ea7153f872c92b4731405.png	1912-02-19
c168e0e9d881ea6c7ff1ff074290ec6c.png	1904-06-03
8baa2fee7e26a4d2cb767e0d70e3b44d.png	1889-02-09
13b84dd9b7a34d0de4d430964936afe5.png	1922-04-06
f03460b0430027347085aa8ecbe26661.png	1917-06-16
3967dab5ddb635fdb6b34aae6ae276df.png	1900-09-25
379fd09490a2a6a4b6cf62173b1a8172.png	1882-10-07
fccf85f84ea84bb34e68be9e16c27028.png	1882-02-20
1df61c406f3c2b3dee821e1a45cb7d4d.png	1901-07-13
12179eddc1a05c2c699b9a9bf9d3103e.png	1891-10-18
26932666ec66470bf826659559c28132.png	1889-06-08
f51fd0805fce41c20a7e269a9650b7a7.png	1910-03-26
0991de5b2c1a0bbab121533de702a341.png	1912-07-25
2a5b1c0c12d3cf17b5bdd894f56263f8.png	1907-04-28
14a34a86cb991f931651132d9bc48cb0.png	1863-05-28
8d7c91aa08152e09adae0f57e4a98b1c.png	1916-09-28
b73f9305ce9ca7900c2a70168d6749c9.png	1915-02-09
1d59e5d0cf3e17d3aeac5867c1da914a.png	1920-02-06
7c67c597a392fe99f74009382a92c3cd.png	1913-01-21
bd774a918e040bdc0c0cd03800d8be3d.png	1906-05-04
d6e44b08472dd7e30d5429d315ffe97d.png	1901-05-25
f25d8d7ed63712c7ff9ee47a8cc96dc4.png	1914-01-23
9972f656160762b7bdc3ffe7fc1ba0b6.png	1903-06-19
71916087fdc6a27560b13a4efcce1a05.png	1910-03-08
5adb6f8c5e47df8070073c96999a3b40.png	1912-11-23
8922ee9421924dcee823bb33187bbe81.png	1900-12-02
e96c73be763820331a9ae200bd500060.png	1907-07-10
30690138091ea3ea5b44a8976bfe4b4d.png	1899-09-23
cfc0fceb67e1339c30da2eaf9fe367a2.png	1913-02-03
14bb068519e8268bc92f65a7b3e1b26a.png	1911-09-03
872ad6655497b13fc4d4da6a55a35791.png	1920-03-10
b90286c0349e921d32a2782a5b9bdc4e.png	1900-11-28
df7e86d9c8873c2f0ce697fcc0c69e4e.png	1913-08-02
b31a7c49d475ebe648aebfe2c48ee0e6.png	1905-01-06
526c970c798a15b9e3d3ac040445c4ca.png	1907-12-13
a522553d47f3e02d477010b303285539.png	1908-02-21
3cef7af00e039be681a9d7fa009bc74b.png	1877-10-27
f52d49102a48d6eff1233c7f7d74acec.png	1915-06-12
9e8becfe20b9d96bd0d059a8c6b9a268.png	1883-01-29
39d80739db1a18295d393b02e7f6866a.png	1909-06-08
ab3e14bf2bf1b35dab62a0c4b5bbb82b.png	1868-05-08
05af3f0cec1047a9f72573c977d64342.png	1895-10-26
f795e1d309628de98a3f907900b4edb7.png	1902-06-10
f5bdb7aeb7659f0b7c55ad8a2b0c7772.png	1867-01-25
a1e8987680460b408d0ee24fe595e22f.png	1904-01-11
529766cb26f678aaf25cfb41b88926b4.png	1887-08-19
28618ebadac321cb234113d4af481c0b.png	1897-10-15
9615731bca04c5cbeab1fce874351345.png	1913-04-24
db59ddd9ca660a9b38c82cb82336e993.png	1916-08-17
a7d107cbac0bc9d1d999ba51a24e581a.png	1908-10-12
bc4fc766e3a67256541ac5750f34a9ec.png	1899-07-29
f4db79d01831a5438c7cabd1282a2319.png	1898-05-07
a11796365b70b9bf6e5714422685faa9.png	1909-03-08
c70ce2947bed24a385fe2ec96395263b.png	1898-04-13
853d1f0649afc87717b39f734c001806.png	1904-06-18
3e9deea8e326e2e462e9a4f488d93447.png	1912-09-24
f601567beee3b1ff479f6de008a13730.png	1900-01-26
a9fa5bb3620c0f7ba7efc7c4f903a879.png	1901-02-24
a2d747523fdc84c191357b6bd4fe430c.png	1907-06-18
0ab64f42835901d3ac6d6b1697ef0661.png	1911-06-13
7bb3de4e888a4042ade7318a916f2326.png	1886-05-21
ef07354dad10f2af165f17ba341524d3.png	1909-02-19
7c4f7321767c9f24aff3a0df535d033a.png	1905-10-20
dd51e206549e1c41395f5b706fec7663.png	1898-04-02
7b1a69062c32eb75ac3f49539dfb99d9.png	1920-04-13
ee0300f8d564dd4ef5044f914e74a923.png	1861-03-23
a357624204085dbb3b1fadb8ebe9ba76.png	1882-09-13
59da7640a6c9fc5a33f36373fecad2b6.png	1901-02-02
2868dd43a7f3b4880c4b9d69fc223fe6.png	1909-04-15
4e3c0916c3aeb061c5c2add0c58314cc.png	1901-04-09
de105fa3bdb7d957d65ac31c6c9324be.png	1896-03-25
0beee15988f100696b99795e299cffb8.png	1902-10-16
4e4af0d6757f1b7b5e06adf92bec5470.png	1899-03-22
268307ccc249205e73c1f0dccfa95e53.png	1910-04-08
d61a560f5d9c5dde07dd63272fb1b509.png	1909-02-02
38730716bc23b35c90de528e638972ac.png	1893-06-15
0d4de8ccfd43a0f233f395a1dfb88484.png	1909-01-19
fb52b09e13bde9a5cbaf550f0bda13d7.png	1893-07-08
694e3c859066ca3b6a6536a7973bf0a5.png	1907-12-20
f660304daafdc22dd1b35437b9de7ff5.png	1897-06-17
9e21c4dad5c825b7c530c0be0b20ad0e.png	1899-05-18
356c8bf70e8e5288c67a6fbe9bab92da.png	1909-09-30
a749be6d2191eba8e1a917846bb144fe.png	1888-10-05
65523a91b5ec395e0f01e090fac08e84.png	1918-08-24
c9d2b164d89e3107b200b630e30efbc3.png	1909-12-28
c037a1be201317aa4da8e96c97fc4be1.png	1915-01-12
0f3b8908bd726c5659cf22ecaf34ed5c.png	1899-01-21
a7ebb98e7dde891edde617f3cea95e1c.png	1895-06-29
c876a3be8854088cab83efbb2252c0c1.png	1905-12-16
35f9d32e0eead4b88b0cafdec66df8c4.png	1908-12-30
2c52d06b7c9c91e55964a6fcd33403e5.png	1904-08-15
a8f18feacc94971b411c1aeb1b7bc196.png	1865-09-01
b6e63dfad8552a89d510916a782290c1.png	1885-02-26
e91f30e5697ca404ab96a1a64a2174c8.png	1898-02-09
9c06e8bbfed3ac947ef67dc4508d9fcc.png	1900-06-26
b3f9468c599178aeb15c47ef47bae0e9.png	1913-05-21
b035e63d46e2b615e558657434af7663.png	1917-03-27
b167c5536dc9fdc34daab5aedd2e737a.png	1912-06-13
27b770f076a9675d592519a7b369846d.png	1913-02-11
cea274e593b082de6d210201457134ca.png	1916-06-21
86b4fa1d46810c30d5bcb4af6de35a3c.png	1900-10-25
09dfff3829b71985e0dd0bcd5b1c8c3b.png	1905-10-21
518e3b22fba44066ffc6c43fdc6c57c9.png	1900-06-07
e4c35156832227d130573e2cca73f191.png	1893-09-07
d6827ec8d0c8053e66ffe155db15a6b7.png	1920-09-04
713297abdc6a9f1aef76f7202e72af7d.png	1911-10-11
cfefcd30e65d5cf07ecf9ebb83e90ad4.png	1916-09-23
317694e0616feae716fe506a52ded544.png	1911-11-02
259b9ac236d1b17e24e9a37202587731.png	1900-09-13
6d648400cc742215ec059898ce2dd6d8.png	1900-01-12
32024f784424536c02980fb27c1aaec5.png	1919-08-09
66d3738456f32cd5eaf17e4b457f1d9e.png	1889-06-18
76151226a6cc8bfe590d6b81855f9f14.png	1912-04-30
194390076b79a5a1a7e838ccd9e1aa89.png	1894-09-29
b9d22f44f35dbd5c96611754da3b800a.png	1915-09-21
2b6300ea20e5e4fcaebb23e0002de34a.png	1914-08-14
b1f7169fcc8876f1fe10c4d69f2fcd29.png	1913-01-03
edfa1b87d9a20e8f66944ae69416c60a.png	1903-06-08
d158c77d350097dba9ec36eb39252f92.png	1907-09-17
4f313d3498b80c9d695aa508682db882.png	1899-12-16
b194c8dd77adbe47d1e459460935a359.png	1907-09-03
8a20154ed78453df148451de856a0e33.png	1898-07-29
5ae96f520dbf16f324f608bf00fba81a.png	1891-01-23
e8aafd489ed2d70b45ca0b53f62eb618.png	1902-05-12
1e6ee20e54b97626957905899cabd761.png	1898-12-05
d7b365b6b270461d794bec3262f8fcfe.png	1905-04-19
5d664206148208baa7ac4a69015bfeee.png	1891-02-13
f811b1e7010fdac00ba7c449a7f56ffb.png	1895-04-11
fd1f74b92e57d1da92646127c47b3cd2.png	1904-11-03
29eacd8a767af65a49b544a850da14a6.png	1897-05-13
59ecdca63c6f31a0d02324d10278774e.png	1911-12-06
494403a796127c106ade43dc13d31d6f.png	1905-01-11
2c484dd9278722ab9ecc17b36190d8f5.png	1910-06-16
05c006fd8da22f36f9d172b4fc3de09e.png	1909-06-14
6ca32d393f0f96f5cae3c1b1804966f5.png	1887-04-02
64fd182d20140684f0d4ff6a1ae0e1d5.png	1903-07-22
a93c0171889396d9540a1f558564d28d.png	1920-06-10
2e72dda3c2f56198c7e37a94d09022c7.png	1882-04-12
74056ad71aae3c8601fd71541940b815.png	1913-10-25
b826f64b08fc1329c796542c85b5766d.png	1919-07-22
4c985b99734533afe64442eaaee15de3.png	1913-11-04
8b8f91e8b914220620a6187b019e60ab.png	1916-05-23
2c93a1db9244cb9600ce9c95aa8b4e57.png	1918-03-08
ca18a8014f478ea54a4a184bc85450d4.png	1887-03-23
95f39bf9cd4d721e2a9bb548cc72fe15.png	1914-08-29
50e005f9bf4095fe7f5ac7d3561bdfb9.png	1911-12-25
3b422c67a441e9c17c599616b6e67529.png	1862-09-13
3dbc667c76cb99f268939d08b1224bcf.png	1917-04-21
504a34bcdcde2f4b6ed346fe2969148a.png	1892-07-07
84eb8978883009b868f50b7b0435b538.png	1913-08-02
a7f1acb07e2b2241e8056c68ff946bbb.png	1897-03-11
4012669ef1d79756740b2bf22560b695.png	1905-09-30
a87509577570596266b17b7bcc06e60d.png	1906-05-19
8387e2fbc10b12f947a1f9e1f7e6d662.png	1884-06-19
327482125a4a4c09a4a5837a112e6568.png	1903-09-09
63363871a90084e65e44a6c33f20e0c8.png	1885-10-08
c8bad47a3479983b1f840ae7e273ba1b.png	1915-04-08
3c6cf016cb828accc63630395ba99b6a.png	1911-07-20
ab6979b34bfdd7fdf854f1f348993d98.png	1911-09-14
ba191964ad0d7d2419abc7f4a5b5b36a.png	1863-07-28
ad3e5ef89c14a9e17c07f0d2608dd0ae.png	1898-06-24
b7a76b333b8cb0ffd695630b30a37bfc.png	1911-01-05
7d98407204bc5923124ee4b75e654f57.png	1910-01-20
a98b230b7de5bcf8e2031dd72d065619.png	1865-10-10
9e0c0e8d4d238c15001b85ae046d76bf.png	1898-07-07
66d1e256c391340699d3e5237f8345ab.png	1890-12-12
250ec063169dbf9e1c6b04297c58402b.png	1891-02-12
baca5a8850ec1b22d0fb441586fa9051.png	1911-09-17
7d5d2dc0c1f036b042dd4de381d087e5.png	1889-08-31
07386a4980687b9792f0ae26100823ee.png	1907-03-09
4459982606f31b0f0c5bdd9c71dbee6b.png	1917-03-12
ef2b627c933733694ce809f2b3d0a3fd.png	1917-09-10
322bedb965ef4f6716598c14feaa029d.png	1904-11-25
7911316499c201e05b1046fe6d8ef7e1.png	1897-06-26
f0436070eca99d67e9a0d03f6e0847fa.png	1921-09-21
d9771aae14a930989c5704b94300ebe0.png	1903-01-01
3f080eef3922cc5ab219aa9a78053d24.png	1900-12-13
abb24b9bcd319f5e4baad70e0ac9c0ee.png	1905-12-22
c278782c6919a75e715af0d2ce968310.png	1904-02-10
e6df254f93dad7783ce4aea0df6e07c3.png	1900-11-01
f7f371382f9806e3d798f63a98e8901f.png	1900-02-09
baa70b830839a267ead61ad0ad4e5aad.png	1912-11-11
9f6785b775b4a36603cbf1648bbab76c.png	1911-11-16
7d49708c903c6595fa9d5716337d642d.png	1864-07-06
402e8b69f6ce4e1f861217396c22d26b.png	1904-08-03
a6c2e0a36342461c9d480d74d2ed1046.png	1900-03-30
ac1acef1cb270e5f41c967597ea03b74.png	1911-10-20
8d60487bebd8d973f70c13a9971d0fbf.png	1909-08-12
ba4f301c4a3465a54c621e50c9b7baea.png	1913-07-07
4a172106db47f8cf929175c477778d38.png	1891-07-24
90bab7f2031a11e998d4808b6f0eda60.png	1908-03-18
62113ddd8d44585bfca39750d1cd8184.png	1901-06-27
71264eebd9a95be5203d9dc6461d9f34.png	1899-02-08
5dce79c1b56e6fe0b7406a13d930035f.png	1898-09-11
b09eea715d89bf712436457e9a1cd821.png	1916-12-16
9a2410450b7fb852b207a41afa3e33da.png	1918-09-13
6467a7d9ffaeb37135f46180387055d5.png	1920-11-25
91c0fb23ee8e69bb2af93be919c16ae7.png	1892-02-04
bd8de0321024c58da65a62615b7d9a2d.png	1903-03-14
be9ec05cfbfd6fd378f7115e04c0dca1.png	1862-02-10
fb34de73e110471c5a980fd94e48d2a5.png	1887-09-26
220423cdb9ecaa00a3959ed761c69914.png	1901-09-22
fe1b8728ab935304cdf5e78176279247.png	1897-07-05
4de6a4885128b0ef82366441b7965e7d.png	1900-04-23
b7b06711a81fbbb117dfc9accd73861e.png	1904-09-21
1a761a0bf69d3635f4c5b1f2d9ee1484.png	1899-05-04
4fe14938bf199ab7b3bdc4cc785edcc8.png	1900-04-21
104612bd29c1c3f8847e4548338a98e3.png	1920-06-17
2b2868319e2f9d1f499eda303dbadb5a.png	1921-09-14
8a5bab8fc77c9bf8823313bfd7d61bc2.png	1912-05-10
89a8c1588e5b55f6ad998758944b3dcc.png	1917-02-27
8681255cb6d987583a176409ff879f8d.png	1899-12-12
912d944d67971b1fb34d711012cae565.png	1862-01-10
07a334e603df64ace70b4f94331ff335.png	1909-03-04
7b0a12e1026ff1fb28dcd0938963973e.png	1902-08-19
ce7bf8e57c70e3d7078f010807035f59.png	1913-03-22
3c6d80c5dec09258ff0fc5072f2041df.png	1920-06-17
fb1fb05fea28a2958754b16f25506607.png	1915-10-23
abaaa955cb4c094069e11c7a3257223a.png	1916-01-27
c3fe05e61ea202ddfda6419048c009d8.png	1916-08-19
f130b1ddb6ffc8e6adbc0a197419c1ec.png	1898-07-02
1a0cd3ce9afbd5ce89156338820d4b4b.png	1889-08-24
60006a45b127342185886917d25cbb66.png	1910-04-15
e386569dec9dd59ee9f7fa4515463c1a.png	1898-05-02
5bb3d590f50d174b894028501cf36008.png	1900-06-14
68c3ddefa287ff42e92209b3ab19b201.png	1905-06-07
ab1675fc1bb93a388967ee32815df10e.png	1914-03-31
7b1a6c102461556b751c4fc43e1dda7a.png	1920-08-17
2a2936236c88ab220ce617a1650fdf52.png	1887-02-12
a72863beefb06d921f5082e37156f973.png	1885-01-12
c3e5ef4fabc6621841c87b96d14de36f.png	1921-03-29
fb18d985b07fec402a6cbeeaadafc715.png	1885-01-27
8b7fbd6966c6425db0b3fe8c7fc96b4f.png	1900-09-04
d359661f1132cf6b3ee2350ce1de4985.png	1922-02-19
2f91f1dd92ac80484ffdac543929ed4f.png	1903-12-31
cce0357fa278e2227cddde15c53d30da.png	1904-06-28
ac2cf7bfb5293c7846c4d2e8806ba687.png	1906-04-23
9d20a466cdc965596f9f1fe9c286e728.png	1917-12-16
c202b7783f790114dc31dcd217144e79.png	1887-06-09
b07b6d01c61a23c318185125fb84d7a4.png	1896-02-22
108deeb72f26219e77420515ddc1efa8.png	1914-04-28
f868147979205f0d3afade115ecadda4.png	1899-05-26
5b036519e77dbde5f95200fa31ee4542.png	1905-06-24
cd2c3c1012af4914304d5d45055d75a4.png	1900-12-11
3ecb60658b7be094e6a77ebda409fc2a.png	1911-03-23
4d67cddb3c2f581d2db23cbb425bd232.png	1905-02-18
365e97eb1afcb27ce0c2d63ae647fe0f.png	1908-10-08
b33a1e0954636d8c45fc36e2a4841cac.png	1897-08-20
5682efc115b3cc51ea05245d8951809e.png	1921-02-11
ecab5c372b51414f0697bf42aa93aa98.png	1911-04-08
3302f97e5acf24901bd1f6806bbbbff3.png	1901-01-04
41952e6b073aff5f16baf49ef1a8580e.png	1857-07-24
32eba886bd229621f04cc17221f20e7b.png	1913-06-28
92eea4943555e53e7a4b857a4a01b5b6.png	1906-01-30
5229a14d4a2ba6ee913b277b7b930ec9.png	1917-05-29
82ac58b20870027cd6f0c11f59756f23.png	1901-05-02
2ada32b270ac105a1689d3bd9c9f48a2.png	1913-06-21
f847cf82949789c24fdc4c1b949c5eef.png	1902-04-11
32be66297d20eb202caa92e7505556ce.png	1905-04-27
7ecb1fa96e3384f2f3f0d6b95b1ff615.png	1914-10-12
2df37afc9264a2ab078363204382cefd.png	1911-12-12
65d93089c2bac20dcc42d07425c080d9.png	1912-11-18
a20bf4f2a3e48077fe7e56c4726d7f92.png	1921-12-09
566930584cd40f7aa6aeb95d1a025778.png	1896-11-05
f629cba52a869b8efed7230dbf7f2e0a.png	1914-08-16
550d6a900aecffb00322f0700cfed78b.png	1885-12-17
c18e3c6b93048a11c2fc3730c4db3135.png	1902-11-10
2b241ce728e2024e404d4c3a087c77e6.png	1887-04-20
e53db0df4ad1432d65d2411daca0fa17.png	1919-03-20
dbe1b9273ecd0d4e2f74a3d96ed31fb2.png	1912-05-25
122f9ffa9ea9da9cefc3074bff36318e.png	1904-09-21
7aa7fe11e71b49102afdc9910f3cef5d.png	1908-07-10
a1136fc54f9077b8031b99c61443fa01.png	1920-03-12
c3ba4d4ea7ab317015b5c3f946e7ad15.png	1900-08-23
a538a960b312ecc1fe1b0faa4dc94fca.png	1862-12-19
6f29f68464622720bd091f85c1c274c9.png	1913-06-27
84b6545bde98e54049c1f3bf92cd82ea.png	1897-07-09
21349c758868076d86c2404c6047d3ad.png	1898-08-04
4a992354db2774e5d37e0cd589e7eda8.png	1919-08-19
36d652608c29b3cec5cfc3aa9366b3ee.png	1911-06-06
408639fcde1face8689635786c68e5ca.png	1908-12-08
bc9228d231789cc0d316a5e604643906.png	1897-08-05
c1634bf4ef5dca50ead8d85ec9f2c6f3.png	1899-02-15
3e665581abd7fe72467592d1832051ca.png	1900-10-26
034f5957b3f42e6b8662413feb918ed0.png	1912-12-31
4c1cf6ef20d89f0afd586a53de2a56f3.png	1917-03-03
e49c3a78b74c57c922a2d4b8a9f30be9.png	1887-03-05
3cc17e640090c53b46bd22299ed1b018.png	1899-04-07
f60b0e6e11a2ab5dde477735d2bb95b5.png	1899-05-25
ff996d5b49918396f42369af7ae901b9.png	1886-11-18
585ca37ca840bbd91618f18d8e16c837.png	1886-08-03
f5099b1b5f47da16c861322ceb1da096.png	1916-02-05
184f06325cdf29237362f3684009fb16.png	1886-06-03
a98dcbf05b96ab64e45490c048c0f1fd.png	1864-03-11
5fb63eb178da7daf4fa9279534390c9c.png	1907-11-30
1ff780ee71458ee0de2c1920ff87f451.png	1909-02-06
567e27d473738b3a43079178fe5e57c4.png	1903-07-16
d8b883b95865d7c4a9822b0e3fc7d8d3.png	1904-03-24
8572fa4f9c692a4d7424ed64ab5cf2b9.png	1915-11-18
04625256b56e594fb3d62829efd998b2.png	1916-09-11
90e46e6878be28e9e40d43a4daced1c3.png	1909-09-04
ccf95cf99f4b576ba97820a8f1ceb116.png	1913-01-04
4f55c86b92ed28b076d21b925a1e59b9.png	1897-03-12
1ff3faff16f5488af546106f7500444b.png	1897-11-01
a9c110c2cdd37b68d21569c20df49b6f.png	1886-04-22
0d232b0ebf80adebba8a7d90a2bde668.png	1910-06-09
8f6e8b57edcf8a2f1202e3f518019fe1.png	1906-03-23
12f3be88f58e28597d39ab5591a558b6.png	1898-03-10
69c79549cfe6212ec8a13ffac935cf6c.png	1897-07-30
7d38c36636ecb4018344da827d26efab.png	1921-02-17
5c19f3e7155a6d9a83101ba6defa1d2f.png	1908-07-30
4059a949a4930e5e4734f543e51157d0.png	1918-06-15
1914c1f6eb2b61b50070f61d539cac4f.png	1904-06-02
601d4ae5c709d3f351519ca4cbeee6b9.png	1904-04-13
cb9bc7db84df38f8977ebd2df92b4abd.png	1908-12-24
57f2147451fdd1d1aef2d45eacdd0d2f.png	1909-03-18
bc4ef90d7edf1ed44af48ae8be0b3101.png	1889-07-25
4db59e672b2798363b0625cd0623e655.png	1922-03-14
92205fc4b6aa0019c56e8c3e437b73f2.png	1904-06-10
b518e6ed41c5a58824890214c0fd98c5.png	1886-05-26
d3263f25716f09fff640618ffe9547ea.png	1897-09-04
5b8dd8403c5bc9d83c9576b3fb9cb267.png	1913-02-02
f52caaddb9cd25e9bd9298e30f27b153.png	1919-02-17
3b4e51f46c5fcbd35ca8898becad77bc.png	1915-05-21
0e555f076655f0b231135b79f2420671.png	1888-07-27
0d99f9cdcf04fc4a1c70865db1dbbee1.png	1896-01-27
e04330701976438ec350d129c3e4aecb.png	1903-09-24
e49fc0b623e0f58f6776c6bcbe88e540.png	1890-06-21
8bdaebbcf0ef0fc507b4c89c9b929831.png	1914-06-07
25630e3171cd62f5dbfdf9426289bd8e.png	1920-12-28
b5f93cbc6dad1acc4534caac0a5e7f54.png	1922-09-07
cfafe37f65dde72d900b720ef4344982.png	1894-07-05
b6de472022d37d281adaf633f88a69f6.png	1900-02-22
0607c3b78500d46345986c162c17df3b.png	1897-01-19
937b204db11c493fa54afbdf56466dc9.png	1913-03-21
6324c6e8c857753c03c128dcf7a7605f.png	1904-09-09
447f59107c98d554c353efc965f9ce3e.png	1902-01-18
f8b671a454c3f0146fa86e01a5581b8e.png	1898-04-01
723040f7a2615f71a4e556e790f0a1bb.png	1917-05-12
61d6be8d4a40e88264f573f9acfe1b3f.png	1913-02-07
d2f27a5585bbd84985a20f4191e1abd6.png	1897-09-24
515ef78a38691dc05036b349fd5f95d3.png	1886-07-02
07dc5b499191b057fb34f2e14601f2de.png	1909-11-25
448f7f99aad5d01e2f590452d4df384d.png	1869-10-23
e7c1cb0530ef7d3b1469c3991d01bec3.png	1862-10-15
50e26816670d20e8507c0b932e06ed6e.png	1905-07-08
a1c58041d6ebaeef392acf883bb4d888.png	1917-06-30
49311a0e431eed098a2c86fcabec5075.png	1912-05-18
b7b0bf2076d504cf7b10dfb2cfdb0a94.png	1899-09-21
2820b06bf97782fbd78aa348501d8478.png	1910-12-07
